"name","avatar_url","timestamp"
"a-asai","https://avatars.githubusercontent.com/u/35133469?v=4","2025-04-21 02:37:23.560879+00:00"
"a-solovyev12","https://avatars.githubusercontent.com/u/29354989?v=4","2025-04-11 02:55:34.879339+00:00"
"a2f0","https://avatars.githubusercontent.com/u/1569853?v=4","2025-04-19 02:55:34.879339+00:00"
"aafc-bicoe/galaxy","https://avatars.githubusercontent.com/u/6061941?v=4","2025-04-15 02:57:14.425566+00:00"
"aaronkol","https://avatars.githubusercontent.com/u/183315928?v=4","2025-04-30 02:55:34.879339+00:00"
"aawan1","https://avatars.githubusercontent.com/u/86991831?v=4","2025-04-04 02:17:15.916902+00:00"
"abdulrahmanazab","https://avatars.githubusercontent.com/u/11062692?v=4","2025-04-23 02:55:34.879339+00:00"
"abhishektiwari47","https://avatars.githubusercontent.com/u/88083639?v=4","2025-04-03 02:34:01.302796+00:00"
"abrenner","https://avatars.githubusercontent.com/u/377592?v=4","2025-04-10 02:55:34.879339+00:00"
"abretaud","https://avatars.githubusercontent.com/u/238755?v=4","2025-04-29 02:55:34.879339+00:00"
"abueg","https://avatars.githubusercontent.com/u/48773001?v=4","2025-04-19 02:37:23.560879+00:00"
"achim-w","https://avatars.githubusercontent.com/u/178550642?v=4","2025-04-30 02:55:34.879339+00:00"
"adairama","https://avatars.githubusercontent.com/u/10283899?v=4","2025-04-09 02:37:23.560879+00:00"
"adamtaranto","https://avatars.githubusercontent.com/u/2160099?v=4","2025-04-05 02:34:01.302796+00:00"
"adrn-s","https://avatars.githubusercontent.com/u/62971995?v=4","2025-04-09 02:17:15.916902+00:00"
"adya29","https://avatars.githubusercontent.com/u/71655814?v=4","2025-04-07 02:34:01.302796+00:00"
"aerijman","https://avatars.githubusercontent.com/u/25828552?v=4","2025-04-06 02:17:15.916902+00:00"
"aerval","https://avatars.githubusercontent.com/u/9343181?v=4","2025-04-16 02:37:23.560879+00:00"
"afgane","https://avatars.githubusercontent.com/u/338642?v=4","2025-04-04 02:37:23.560879+00:00"
"afidede","https://avatars.githubusercontent.com/u/63056124?v=4","2025-04-17 02:37:23.560879+00:00"
"afuetterer","https://avatars.githubusercontent.com/u/35225576?v=4","2025-04-13 02:34:01.302796+00:00"
"agdiaz","https://avatars.githubusercontent.com/u/1646576?v=4","2025-04-02 02:17:15.916902+00:00"
"agnes-petit","https://avatars.githubusercontent.com/u/84323609?v=4","2025-04-10 02:34:01.302796+00:00"
"agoepfert","https://avatars.githubusercontent.com/u/13348913?v=4","2025-04-08 02:34:01.302796+00:00"
"ahmedhamidawan","https://avatars.githubusercontent.com/u/78516064?v=4","2025-04-17 02:55:34.879339+00:00"
"airistotal","https://avatars.githubusercontent.com/u/11566254?v=4","2025-04-02 02:34:34.525879+00:00"
"ajadi-abiola","https://avatars.githubusercontent.com/u/37664545?v=4","2025-04-18 02:55:34.879339+00:00"
"ajs6f","https://avatars.githubusercontent.com/u/110994?v=4","2025-04-13 02:34:01.302796+00:00"
"alaa-elghamry","https://avatars.githubusercontent.com/u/69517064?v=4","2025-04-03 02:17:15.916902+00:00"
"alanamosse","https://avatars.githubusercontent.com/u/24292891?v=4","2025-04-19 02:37:23.560879+00:00"
"alby-git","","2024-11-04 02:26:42.103912+00:00"
"alexcorm","https://avatars.githubusercontent.com/u/8090899?v=4","2025-04-15 02:55:34.879339+00:00"
"alliecreason","https://avatars.githubusercontent.com/u/17626702?v=4","2025-04-16 02:34:01.302796+00:00"
"almahmoud","https://avatars.githubusercontent.com/u/14061824?v=4","2025-04-08 02:55:34.879339+00:00"
"aloraine","https://avatars.githubusercontent.com/u/1826634?v=4","2025-04-01 02:34:34.525879+00:00"
"amisev1971","https://avatars.githubusercontent.com/u/24721370?v=4","2025-04-16 02:55:34.879339+00:00"
"ammaraziz","https://avatars.githubusercontent.com/u/7768245?v=4","2025-04-30 02:55:34.879339+00:00"
"anatskiy","https://avatars.githubusercontent.com/u/7281783?v=4","2025-04-02 02:37:23.560879+00:00"
"andreafurlani","https://avatars.githubusercontent.com/u/93392092?v=4","2025-04-08 02:55:34.879339+00:00"
"andreassko","https://avatars.githubusercontent.com/u/7874322?v=4","2025-04-07 02:37:23.560879+00:00"
"andrewjpage","https://avatars.githubusercontent.com/u/24151?v=4","2025-04-04 02:34:01.302796+00:00"
"andrewjrobinson","https://avatars.githubusercontent.com/u/1865345?v=4","2025-04-02 02:34:01.302796+00:00"
"andrewsnelgrove","https://avatars.githubusercontent.com/u/45642597?v=4","2025-04-01 02:34:01.302796+00:00"
"andzajan","https://avatars.githubusercontent.com/u/10488638?v=4","2025-04-12 02:34:01.302796+00:00"
"anilthanki","https://avatars.githubusercontent.com/u/3940626?v=4","2025-04-27 02:55:34.879339+00:00"
"anish-mudaraddi","https://avatars.githubusercontent.com/u/81758831?v=4","2025-04-09 02:37:23.560879+00:00"
"annalefarova","https://avatars.githubusercontent.com/u/57536832?v=4","2025-04-27 02:55:34.879339+00:00"
"annasyme","https://avatars.githubusercontent.com/u/13082854?v=4","2025-04-20 02:55:34.879339+00:00"
"anomalycodes","https://avatars.githubusercontent.com/u/99272816?v=4","2025-04-23 02:55:34.879339+00:00"
"anuprulez","https://avatars.githubusercontent.com/u/3022518?v=4","2025-04-16 02:55:34.879339+00:00"
"apaulinax","https://avatars.githubusercontent.com/u/52380246?v=4","2025-04-13 02:37:23.560879+00:00"
"apetkau","https://avatars.githubusercontent.com/u/200517?v=4","2025-04-04 02:37:23.560879+00:00"
"arash77","https://avatars.githubusercontent.com/u/2973722?v=4","2025-04-26 02:55:34.879339+00:00"
"arbernard","https://avatars.githubusercontent.com/u/25177525?v=4","2025-04-20 02:55:34.879339+00:00"
"arhodes-ncbi","","2024-06-06 02:05:44.098693+00:00"
"artbio/tools-artbio","https://avatars.githubusercontent.com/u/13965324?v=4","2025-04-30 02:57:14.425566+00:00"
"ashvark","https://avatars.githubusercontent.com/u/7712157?v=4","2025-04-09 02:34:01.302796+00:00"
"asiergonzalez","https://avatars.githubusercontent.com/u/11410715?v=4","2025-04-10 02:55:34.879339+00:00"
"asrichter","https://avatars.githubusercontent.com/u/16194368?v=4","2025-04-21 02:37:23.560879+00:00"
"assuntad23","https://avatars.githubusercontent.com/u/26912553?v=4","2025-04-18 02:55:34.879339+00:00"
"astrazeneca-omics/immport-galaxy-tools","https://avatars.githubusercontent.com/u/64710422?v=4","2025-04-13 02:39:02.707822+00:00"
"astrovsky01","https://avatars.githubusercontent.com/u/40246333?v=4","2025-04-30 02:55:34.879339+00:00"
"asusete","https://avatars.githubusercontent.com/u/38288406?v=4","2025-04-01 02:34:01.302796+00:00"
"aswarren","https://avatars.githubusercontent.com/u/229173?v=4","2025-04-15 02:34:01.302796+00:00"
"athos-ribeiro","https://avatars.githubusercontent.com/u/2052794?v=4","2025-04-01 02:37:23.560879+00:00"
"atyryshkina","https://avatars.githubusercontent.com/u/13081918?v=4","2025-04-16 02:37:23.560879+00:00"
"aurelienmoumbock","https://avatars.githubusercontent.com/u/45823668?v=4","2025-04-15 02:37:23.560879+00:00"
"avani-k","https://avatars.githubusercontent.com/u/83619546?v=4","2025-04-15 02:34:01.302796+00:00"
"b0r1sd","https://avatars.githubusercontent.com/u/118811684?v=4","2025-04-19 02:55:34.879339+00:00"
"baberlevi","https://avatars.githubusercontent.com/u/5819098?v=4","2025-04-12 02:34:01.302796+00:00"
"bagnacan","https://avatars.githubusercontent.com/u/9406259?v=4","2025-04-05 02:17:15.916902+00:00"
"bartvdhout","https://avatars.githubusercontent.com/u/101572525?v=4","2025-04-23 02:55:34.879339+00:00"
"batoolmm","https://avatars.githubusercontent.com/u/53487593?v=4","2025-04-07 02:37:23.560879+00:00"
"bdartigues","https://avatars.githubusercontent.com/u/5071821?v=4","2025-04-09 02:34:01.302796+00:00"
"beachyesh","https://avatars.githubusercontent.com/u/48011446?v=4","2025-04-05 02:17:15.916902+00:00"
"beatrizserrano","https://avatars.githubusercontent.com/u/11300231?v=4","2025-04-15 02:55:34.879339+00:00"
"bebatut","https://avatars.githubusercontent.com/u/1842467?v=4","2025-04-19 02:37:23.560879+00:00"
"bedroesb","https://avatars.githubusercontent.com/u/44875756?v=4","2025-04-22 02:37:23.560879+00:00"
"bellenger-l","https://avatars.githubusercontent.com/u/32295405?v=4","2025-04-08 02:37:23.560879+00:00"
"benfulton","https://avatars.githubusercontent.com/u/46128?v=4","2025-04-02 02:17:15.916902+00:00"
"benjaminhccarr","https://avatars.githubusercontent.com/u/8225968?v=4","2025-04-14 02:34:01.302796+00:00"
"bensellak","https://avatars.githubusercontent.com/u/29343436?v=4","2025-04-19 02:55:34.879339+00:00"
"bernandez","https://avatars.githubusercontent.com/u/70428526?v=4","2025-04-02 02:34:01.302796+00:00"
"bernt-matthias","https://avatars.githubusercontent.com/u/25689525?v=4","2025-04-04 02:17:15.916902+00:00"
"bertbog","https://avatars.githubusercontent.com/u/16325875?v=4","2025-04-07 02:37:23.560879+00:00"
"bgruening","https://avatars.githubusercontent.com/u/469983?v=4","2025-04-21 02:37:23.560879+00:00"
"bgruening/galaxytools","https://avatars.githubusercontent.com/u/469983?v=4","2025-04-26 02:57:14.425566+00:00"
"bimbam23","https://avatars.githubusercontent.com/u/2727580?v=4","2025-04-10 02:34:01.302796+00:00"
"biomonika","https://avatars.githubusercontent.com/u/5591020?v=4","2025-04-05 02:34:01.302796+00:00"
"blankclemens","https://avatars.githubusercontent.com/u/12255194?v=4","2025-04-13 02:55:34.879339+00:00"
"blankenberg","https://avatars.githubusercontent.com/u/1231190?v=4","2025-04-03 02:17:15.916902+00:00"
"bmcv/galaxy-image-analysis","https://avatars.githubusercontent.com/u/24603562?v=4","2025-04-08 02:35:39.910787+00:00"
"bollig","https://avatars.githubusercontent.com/u/187202?v=4","2025-04-19 02:55:34.879339+00:00"
"borkan1","https://avatars.githubusercontent.com/u/63173705?v=4","2025-04-01 02:17:15.916902+00:00"
"boyanangelov","https://avatars.githubusercontent.com/u/4747808?v=4","2025-04-11 02:55:34.879339+00:00"
"bradholmes","https://avatars.githubusercontent.com/u/8644351?v=4","2025-04-24 02:55:34.879339+00:00"
"brilator","https://avatars.githubusercontent.com/u/16229676?v=4","2025-04-20 02:55:34.879339+00:00"
"brinkmanlab/galaxy-tools","https://avatars.githubusercontent.com/u/12058188?v=4","2025-04-04 02:35:39.910787+00:00"
"bugraoezdemir","https://avatars.githubusercontent.com/u/91956472?v=4","2025-04-13 02:34:01.302796+00:00"
"burkemlou","https://avatars.githubusercontent.com/u/68895620?v=4","2025-04-14 02:37:23.560879+00:00"
"bwalkowi","https://avatars.githubusercontent.com/u/16596719?v=4","2025-04-03 02:34:01.302796+00:00"
"bwlang","https://avatars.githubusercontent.com/u/61636?v=4","2025-04-15 02:34:01.302796+00:00"
"caleb-easterly","https://avatars.githubusercontent.com/u/19418537?v=4","2025-04-07 02:37:23.560879+00:00"
"cameronfrwatson","https://avatars.githubusercontent.com/u/57418545?v=4","2025-04-05 02:34:01.302796+00:00"
"camila-goclowski","https://avatars.githubusercontent.com/u/95192279?v=4","2025-04-10 02:34:01.302796+00:00"
"camytran","https://avatars.githubusercontent.com/u/22249278?v=4","2025-04-12 02:55:34.879339+00:00"
"carlfeberhard","https://avatars.githubusercontent.com/u/5102959?v=4","2025-04-09 02:55:34.879339+00:00"
"carlosborroto","https://avatars.githubusercontent.com/u/240588?v=4","2025-04-11 02:34:01.302796+00:00"
"carloshorro","https://avatars.githubusercontent.com/u/7829218?v=4","2025-04-02 02:17:15.916902+00:00"
"cat-bro","https://avatars.githubusercontent.com/u/22670687?v=4","2025-04-28 02:55:34.879339+00:00"
"catalinaioan3","https://avatars.githubusercontent.com/u/56718639?v=4","2025-04-25 02:55:34.879339+00:00"
"cavelandiah","https://avatars.githubusercontent.com/u/15683571?v=4","2025-04-10 02:34:01.302796+00:00"
"cbare","https://avatars.githubusercontent.com/u/170360?v=4","2025-04-19 02:55:34.879339+00:00"
"ccedmendoza","https://avatars.githubusercontent.com/u/16017439?v=4","2025-04-19 02:55:34.879339+00:00"
"cche","https://avatars.githubusercontent.com/u/2712785?v=4","2025-04-02 02:34:01.302796+00:00"
"cfusterbarcelo","https://avatars.githubusercontent.com/u/75674828?v=4","2025-04-06 02:17:15.916902+00:00"
"cganote","https://avatars.githubusercontent.com/u/5487606?v=4","2025-04-11 02:37:23.560879+00:00"
"cginmn","https://avatars.githubusercontent.com/u/11492389?v=4","2025-04-04 02:17:15.916902+00:00"
"cgirardot","https://avatars.githubusercontent.com/u/10990795?v=4","2025-04-10 02:55:34.879339+00:00"
"chamaelj","https://avatars.githubusercontent.com/u/26047774?v=4","2025-04-18 02:37:23.560879+00:00"
"chambm","https://avatars.githubusercontent.com/u/5011937?v=4","2025-04-24 02:55:34.879339+00:00"
"chaozhang123","","2024-06-25 10:25:30.711742+00:00"
"chapmanb","https://avatars.githubusercontent.com/u/39391?v=4","2025-04-07 02:34:01.302796+00:00"
"charesredhat","https://avatars.githubusercontent.com/u/14168349?v=4","2025-04-09 02:34:01.302796+00:00"
"charles-bernard","https://avatars.githubusercontent.com/u/23334620?v=4","2025-04-05 02:37:23.560879+00:00"
"charz","https://avatars.githubusercontent.com/u/620340?v=4","2025-04-12 02:37:23.560879+00:00"
"chensy96","https://avatars.githubusercontent.com/u/34265997?v=4","2025-04-08 02:55:34.879339+00:00"
"chinonyemildred","https://avatars.githubusercontent.com/u/82679007?v=4","2025-04-06 02:34:01.302796+00:00"
"chrisbarnettster","https://avatars.githubusercontent.com/u/4262750?v=4","2025-04-20 02:55:34.879339+00:00"
"christian-b","https://avatars.githubusercontent.com/u/548453?v=4","2025-04-04 02:34:01.302796+00:00"
"christopheh","https://avatars.githubusercontent.com/u/2332072?v=4","2025-04-23 02:37:23.560879+00:00"
"chufz","https://avatars.githubusercontent.com/u/38219063?v=4","2025-04-08 02:17:15.916902+00:00"
"cimeajouz","https://avatars.githubusercontent.com/u/8648420?v=4","2025-04-06 02:37:23.560879+00:00"
"claraurf","https://avatars.githubusercontent.com/u/40668316?v=4","2025-04-21 02:37:23.560879+00:00"
"claresloggett","https://avatars.githubusercontent.com/u/1815107?v=4","2025-04-18 02:55:34.879339+00:00"
"claudiofr","https://avatars.githubusercontent.com/u/24945907?v=4","2025-04-15 02:55:34.879339+00:00"
"claytonturner","https://avatars.githubusercontent.com/u/26577071?v=4","2025-04-02 02:34:34.525879+00:00"
"clsiguret","https://avatars.githubusercontent.com/u/37694850?v=4","2025-04-05 02:34:01.302796+00:00"
"cmonjeau","https://avatars.githubusercontent.com/u/1289992?v=4","2025-04-19 02:37:23.560879+00:00"
"cntient","https://avatars.githubusercontent.com/u/13643929?v=4","2025-04-10 02:37:23.560879+00:00"
"codesuha","https://avatars.githubusercontent.com/u/92338066?v=4","2025-04-22 02:37:23.560879+00:00"
"coeit","https://avatars.githubusercontent.com/u/36563701?v=4","2025-04-03 02:17:15.916902+00:00"
"colineroyaux","https://avatars.githubusercontent.com/u/61148928?v=4","2025-04-03 02:37:23.560879+00:00"
"combesf","https://avatars.githubusercontent.com/u/29479051?v=4","2025-04-02 02:17:15.916902+00:00"
"computational-metabolomics/cfm-galaxy","https://avatars.githubusercontent.com/u/20993922?v=4","2025-04-22 02:57:14.425566+00:00"
"computational-metabolomics/metfrag-galaxy","https://avatars.githubusercontent.com/u/20993922?v=4","2025-04-12 02:57:14.425566+00:00"
"computational-metabolomics/mspurity-galaxy","https://avatars.githubusercontent.com/u/20993922?v=4","2025-04-22 02:57:14.425566+00:00"
"connorchato","https://avatars.githubusercontent.com/u/24962136?v=4","2025-04-01 02:37:23.560879+00:00"
"coverbeck","https://avatars.githubusercontent.com/u/1049340?v=4","2025-04-12 02:37:23.560879+00:00"
"cpreviti","https://avatars.githubusercontent.com/u/32068039?v=4","2025-04-05 02:37:23.560879+00:00"
"crashgoboom","https://avatars.githubusercontent.com/u/17323411?v=4","2025-04-20 02:37:23.560879+00:00"
"cristhomas","https://avatars.githubusercontent.com/u/12129205?v=4","2025-04-09 02:34:01.302796+00:00"
"csieffert","https://avatars.githubusercontent.com/u/10516667?v=4","2025-04-07 02:55:34.879339+00:00"
"cstritt","https://avatars.githubusercontent.com/u/35330730?v=4","2025-04-08 02:34:01.302796+00:00"
"cumbof","https://avatars.githubusercontent.com/u/3764656?v=4","2025-04-17 02:55:34.879339+00:00"
"cvravi9","https://avatars.githubusercontent.com/u/10481381?v=4","2025-04-08 02:55:34.879339+00:00"
"cwebear","https://avatars.githubusercontent.com/u/133876536?v=4","2025-04-06 02:37:23.560879+00:00"
"cyrilbois","https://avatars.githubusercontent.com/u/38669260?v=4","2025-04-08 02:55:34.879339+00:00"
"d-callan","https://avatars.githubusercontent.com/u/53306535?v=4","2025-04-22 02:37:23.560879+00:00"
"dadrasarmin","https://avatars.githubusercontent.com/u/16366875?v=4","2025-04-12 02:55:34.879339+00:00"
"daler","https://avatars.githubusercontent.com/u/115406?v=4","2025-04-01 02:37:23.560879+00:00"
"damcorreia","https://avatars.githubusercontent.com/u/5708824?v=4","2025-04-05 02:17:15.916902+00:00"
"damiencode404","https://avatars.githubusercontent.com/u/116463750?v=4","2025-04-21 02:37:23.560879+00:00"
"dan-blanchard","https://avatars.githubusercontent.com/u/976345?v=4","2025-04-18 02:55:34.879339+00:00"
"danfaria","https://avatars.githubusercontent.com/u/12392178?v=4","2025-04-01 02:34:34.525879+00:00"
"danielabutano","https://avatars.githubusercontent.com/u/1678179?v=4","2025-04-12 02:37:23.560879+00:00"
"dankein","https://avatars.githubusercontent.com/u/18049199?v=4","2025-04-22 02:37:23.560879+00:00"
"dannon","https://avatars.githubusercontent.com/u/155398?v=4","2025-04-03 02:17:15.916902+00:00"
"darianhole","https://avatars.githubusercontent.com/u/46600008?v=4","2025-04-24 02:55:34.879339+00:00"
"darshana2509","https://avatars.githubusercontent.com/u/83279269?v=4","2025-04-19 02:37:23.560879+00:00"
"davebx","https://avatars.githubusercontent.com/u/1497000?v=4","2025-04-23 02:37:23.560879+00:00"
"davelopez","https://avatars.githubusercontent.com/u/46503462?v=4","2025-04-07 02:37:23.560879+00:00"
"davidchristiany","https://avatars.githubusercontent.com/u/39336353?v=4","2025-04-25 02:55:34.879339+00:00"
"dbrites","https://avatars.githubusercontent.com/u/15123731?v=4","2025-04-24 02:55:34.879339+00:00"
"dcore94","https://avatars.githubusercontent.com/u/443681?v=4","2025-04-04 02:34:01.302796+00:00"
"debjyoti197","https://avatars.githubusercontent.com/u/63596472?v=4","2025-04-15 02:55:34.879339+00:00"
"deeptivarshney","https://avatars.githubusercontent.com/u/44775741?v=4","2025-04-06 02:37:23.560879+00:00"
"deeptools/deeptools","https://avatars.githubusercontent.com/u/6528975?v=4","2025-04-16 02:39:02.707822+00:00"
"delphine-l","https://avatars.githubusercontent.com/u/11195061?v=4","2025-04-09 02:34:01.302796+00:00"
"dependabot[bot]","https://avatars.githubusercontent.com/in/29110?v=4","2025-04-21 02:55:34.879339+00:00"
"derrik-gratz","https://avatars.githubusercontent.com/u/46037149?v=4","2025-04-15 02:34:01.302796+00:00"
"desmond-jasper","https://avatars.githubusercontent.com/u/102746592?v=4","2025-04-06 02:17:15.916902+00:00"
"dfornika","https://avatars.githubusercontent.com/u/145659?v=4","2025-04-17 02:55:34.879339+00:00"
"dglaetzer","https://avatars.githubusercontent.com/u/35349535?v=4","2025-04-04 02:37:23.560879+00:00"
"dianichj","https://avatars.githubusercontent.com/u/122611454?v=4","2025-04-05 02:37:23.560879+00:00"
"diegomics","https://avatars.githubusercontent.com/u/9466288?v=4","2025-04-05 02:37:23.560879+00:00"
"dirowa","https://avatars.githubusercontent.com/u/62692537?v=4","2025-04-01 02:17:15.916902+00:00"
"djcomlab","https://avatars.githubusercontent.com/u/3604134?v=4","2025-04-12 02:55:34.879339+00:00"
"dkolbe","https://avatars.githubusercontent.com/u/9342290?v=4","2025-04-22 02:55:34.879339+00:00"
"dlaehnemann","https://avatars.githubusercontent.com/u/1379875?v=4","2025-04-15 02:37:23.560879+00:00"
"dlal-group","https://avatars.githubusercontent.com/u/26526288?v=4","2025-04-03 02:37:23.560879+00:00"
"dm2zzion","https://avatars.githubusercontent.com/u/38663861?v=4","2025-04-07 02:37:23.560879+00:00"
"dobrcr","https://avatars.githubusercontent.com/u/58089686?v=4","2025-04-21 02:55:34.879339+00:00"
"dpryan79","https://avatars.githubusercontent.com/u/6399000?v=4","2025-04-09 02:34:01.302796+00:00"
"drakeeee","https://avatars.githubusercontent.com/u/5674103?v=4","2025-04-18 02:55:34.879339+00:00"
"drosofff","https://avatars.githubusercontent.com/u/11705625?v=4","2025-04-11 02:55:34.879339+00:00"
"dryak","https://avatars.githubusercontent.com/u/11413679?v=4","2025-04-10 02:37:23.560879+00:00"
"dsavchenko","https://avatars.githubusercontent.com/u/56398430?v=4","2025-04-27 02:55:34.879339+00:00"
"dsobral","https://avatars.githubusercontent.com/u/2103227?v=4","2025-04-01 02:34:34.525879+00:00"
"dtrudg","https://avatars.githubusercontent.com/u/4522799?v=4","2025-04-07 02:34:01.302796+00:00"
"duckwhistle","https://avatars.githubusercontent.com/u/22745784?v=4","2025-04-16 02:34:01.302796+00:00"
"dyusuf","https://avatars.githubusercontent.com/u/11738833?v=4","2025-04-26 02:55:34.879339+00:00"
"dzesikahoinkis","https://avatars.githubusercontent.com/u/11339868?v=4","2025-04-10 02:37:23.560879+00:00"
"eancelet","https://avatars.githubusercontent.com/u/34435064?v=4","2025-04-12 02:37:23.560879+00:00"
"ebi-gene-expression-group/container-galaxy-sc-tertiary","https://avatars.githubusercontent.com/u/37115756?v=4","2025-04-08 02:35:39.910787+00:00"
"ebolyen","https://avatars.githubusercontent.com/u/3976804?v=4","2025-04-06 02:17:15.916902+00:00"
"ecamenen","https://avatars.githubusercontent.com/u/27341903?v=4","2025-04-02 02:34:01.302796+00:00"
"edmontosaurus","https://avatars.githubusercontent.com/u/140177792?v=4","2025-04-01 02:34:01.302796+00:00"
"egeogretmen","https://avatars.githubusercontent.com/u/4727743?v=4","2025-04-02 02:34:34.525879+00:00"
"eggzilla","https://avatars.githubusercontent.com/u/5052859?v=4","2025-04-10 02:37:23.560879+00:00"
"einonm","https://avatars.githubusercontent.com/u/129854013?v=4","2025-04-01 02:34:01.302796+00:00"
"electronicblueberry","https://avatars.githubusercontent.com/u/44241786?v=4","2025-04-03 02:17:15.916902+00:00"
"elenimijalis","https://avatars.githubusercontent.com/u/7033341?v=4","2025-04-04 02:34:01.302796+00:00"
"elichad","https://avatars.githubusercontent.com/u/20683271?v=4","2025-04-13 02:55:34.879339+00:00"
"elischberg","https://avatars.githubusercontent.com/u/134919049?v=4","2025-04-07 02:34:01.302796+00:00"
"emarinier","https://avatars.githubusercontent.com/u/3323791?v=4","2025-04-18 02:37:23.560879+00:00"
"emichn","https://avatars.githubusercontent.com/u/41797571?v=4","2025-04-02 02:17:15.916902+00:00"
"emikar","https://avatars.githubusercontent.com/u/42573999?v=4","2025-04-07 02:34:01.302796+00:00"
"emily101-gif","https://avatars.githubusercontent.com/u/52698020?v=4","2025-04-01 02:34:01.302796+00:00"
"emmaleith","https://avatars.githubusercontent.com/u/43653853?v=4","2025-04-26 02:55:34.879339+00:00"
"emmanuel-ferdman","https://avatars.githubusercontent.com/u/35470921?v=4","2025-04-08 02:55:34.879339+00:00"
"engynasr","https://avatars.githubusercontent.com/u/7595309?v=4","2025-04-08 02:55:34.879339+00:00"
"enolfc","https://avatars.githubusercontent.com/u/1422438?v=4","2025-04-15 02:34:01.302796+00:00"
"erasche","https://avatars.githubusercontent.com/u/59559149?v=4","2025-04-01 02:17:15.916902+00:00"
"ericenns","https://avatars.githubusercontent.com/u/492127?v=4","2025-04-22 02:37:23.560879+00:00"
"erxleben","https://avatars.githubusercontent.com/u/11956848?v=4","2025-04-29 02:55:34.879339+00:00"
"eschen42","https://avatars.githubusercontent.com/u/18619913?v=4","2025-04-05 02:37:23.560879+00:00"
"esg-epfl-apc/tools-astro","https://avatars.githubusercontent.com/u/116823174?v=4","2025-04-11 02:57:14.425566+00:00"
"eskirton","https://avatars.githubusercontent.com/u/161662?v=4","2025-04-16 02:55:34.879339+00:00"
"estebanpw","https://avatars.githubusercontent.com/u/4108045?v=4","2025-04-01 02:34:34.525879+00:00"
"eterisokhoyan","https://avatars.githubusercontent.com/u/12526955?v=4","2025-04-17 02:37:23.560879+00:00"
"ethering","https://avatars.githubusercontent.com/u/325426?v=4","2025-04-14 02:34:01.302796+00:00"
"ezichi-fav","https://avatars.githubusercontent.com/u/85139070?v=4","2025-04-07 02:55:34.879339+00:00"
"fabiorjvieira","https://avatars.githubusercontent.com/u/9077797?v=4","2025-04-02 02:34:01.302796+00:00"
"fangly","https://avatars.githubusercontent.com/u/231905?v=4","2025-04-19 02:37:23.560879+00:00"
"fbacall","https://avatars.githubusercontent.com/u/503373?v=4","2025-04-26 02:55:34.879339+00:00"
"felicitas215","https://avatars.githubusercontent.com/u/123303803?v=4","2025-04-07 02:34:01.302796+00:00"
"fescudie","https://avatars.githubusercontent.com/u/5656448?v=4","2025-04-06 02:17:15.916902+00:00"
"feuerhamster","https://avatars.githubusercontent.com/u/38376566?v=4","2025-04-30 02:55:34.879339+00:00"
"ffinfo","https://avatars.githubusercontent.com/u/2419555?v=4","2025-04-16 02:34:01.302796+00:00"
"fgiacomoni","https://avatars.githubusercontent.com/u/16837881?v=4","2025-04-26 02:55:34.879339+00:00"
"fidelram","https://avatars.githubusercontent.com/u/4964309?v=4","2025-04-05 02:17:15.916902+00:00"
"flegeai","https://avatars.githubusercontent.com/u/10611018?v=4","2025-04-16 02:37:23.560879+00:00"
"fleurgabru","https://avatars.githubusercontent.com/u/23460229?v=4","2025-04-05 02:34:01.302796+00:00"
"flowuenne","https://avatars.githubusercontent.com/u/11639154?v=4","2025-04-08 02:34:01.302796+00:00"
"fmareuil","https://avatars.githubusercontent.com/u/9269859?v=4","2025-04-29 02:55:34.879339+00:00"
"foellmelanie","https://avatars.githubusercontent.com/u/16114269?v=4","2025-04-28 02:55:34.879339+00:00"
"fpsom","https://avatars.githubusercontent.com/u/1426106?v=4","2025-04-06 02:17:15.916902+00:00"
"frahiriart","https://avatars.githubusercontent.com/u/40753444?v=4","2025-04-26 02:55:34.879339+00:00"
"francoismg","https://avatars.githubusercontent.com/u/46478217?v=4","2025-04-22 02:37:23.560879+00:00"
"fredericbga","https://avatars.githubusercontent.com/u/18161378?v=4","2025-04-17 02:37:23.560879+00:00"
"frederikcoppens","https://avatars.githubusercontent.com/u/11292979?v=4","2025-04-07 02:37:23.560879+00:00"
"freekdb","https://avatars.githubusercontent.com/u/1876144?v=4","2025-04-02 02:17:15.916902+00:00"
"friedue","https://avatars.githubusercontent.com/u/4973546?v=4","2025-04-02 02:17:15.916902+00:00"
"fubar2","https://avatars.githubusercontent.com/u/6016266?v=4","2025-04-13 02:34:01.302796+00:00"
"fwsadler","https://avatars.githubusercontent.com/u/4722001?v=4","2025-04-07 02:37:23.560879+00:00"
"fynnbe","https://avatars.githubusercontent.com/u/15139589?v=4","2025-04-03 02:17:15.916902+00:00"
"gabrielalopez","https://avatars.githubusercontent.com/u/7593604?v=4","2025-04-29 02:55:34.879339+00:00"
"gagayuan","https://avatars.githubusercontent.com/u/28469610?v=4","2025-04-09 02:55:34.879339+00:00"
"galaxy-e","https://avatars.githubusercontent.com/u/38352848?v=4","2025-04-02 02:17:15.916902+00:00"
"galaxy-genome-annotation/galaxy-tools","https://avatars.githubusercontent.com/u/20192803?v=4","2025-04-10 02:35:39.910787+00:00"
"galaxybot","https://avatars.githubusercontent.com/u/14315658?v=4","2025-04-05 02:34:01.302796+00:00"
"galaxycomputationalchemistry/galaxy-tools-compchem","https://avatars.githubusercontent.com/u/38210557?v=4","2025-04-13 02:35:39.910787+00:00"
"galaxyecology/tools-ecology","https://avatars.githubusercontent.com/u/46970847?v=4","2025-04-09 02:18:38.887852+00:00"
"galaxyproject/galaxy","https://avatars.githubusercontent.com/u/7937847?v=4","2025-04-07 02:18:38.887852+00:00"
"galaxyproject/iwc","https://avatars.githubusercontent.com/u/7937847?v=4","2025-04-08 02:39:02.707822+00:00"
"galaxyproject/tools-devteam","https://avatars.githubusercontent.com/u/7937847?v=4","2025-04-23 02:39:02.707822+00:00"
"galaxyproject/tools-iuc","https://avatars.githubusercontent.com/u/7937847?v=4","2025-04-02 02:18:38.887852+00:00"
"galaxyproject/training-material","https://avatars.githubusercontent.com/u/7937847?v=4","2025-04-23 02:57:14.425566+00:00"
"galaxyproteomics/tools-galaxyp","https://avatars.githubusercontent.com/u/10677424?v=4","2025-04-17 02:39:02.707822+00:00"
"gallardoalba","https://avatars.githubusercontent.com/u/26678117?v=4","2025-04-12 02:37:23.560879+00:00"
"galogs","https://avatars.githubusercontent.com/u/7755357?v=4","2025-04-26 02:55:34.879339+00:00"
"garimavs","https://avatars.githubusercontent.com/u/77723358?v=4","2025-04-14 02:55:34.879339+00:00"
"gatwirival","https://avatars.githubusercontent.com/u/61587290?v=4","2025-04-10 02:37:23.560879+00:00"
"gdroc","https://avatars.githubusercontent.com/u/154846?v=4","2025-04-05 02:17:15.916902+00:00"
"gecage952","https://avatars.githubusercontent.com/u/30890419?v=4","2025-04-08 02:37:23.560879+00:00"
"genouest/galaxy-tools","https://avatars.githubusercontent.com/u/1004255?v=4","2025-04-08 02:39:02.707822+00:00"
"georgehe23","https://avatars.githubusercontent.com/u/137977538?v=4","2025-04-06 02:37:23.560879+00:00"
"geraldinepascal","https://avatars.githubusercontent.com/u/14290121?v=4","2025-04-15 02:37:23.560879+00:00"
"geraldinepascal/frogs-wrappers","https://avatars.githubusercontent.com/u/14290121?v=4","2025-04-20 02:57:14.425566+00:00"
"gerbenm","https://avatars.githubusercontent.com/u/7263648?v=4","2025-04-04 02:17:15.916902+00:00"
"gf777","https://avatars.githubusercontent.com/u/47462635?v=4","2025-04-10 02:55:34.879339+00:00"
"ggraham","https://avatars.githubusercontent.com/u/10542092?v=4","2025-04-23 02:55:34.879339+00:00"
"ghuls","https://avatars.githubusercontent.com/u/1299177?v=4","2025-04-12 02:34:01.302796+00:00"
"gianlucacorrado","https://avatars.githubusercontent.com/u/17332283?v=4","2025-04-12 02:55:34.879339+00:00"
"gitfab93","https://avatars.githubusercontent.com/u/62072604?v=4","2025-04-12 02:34:01.302796+00:00"
"github-actions[bot]","https://avatars.githubusercontent.com/in/15368?v=4","2025-04-10 02:37:23.560879+00:00"
"glabbe","https://avatars.githubusercontent.com/u/17420847?v=4","2025-04-03 02:37:23.560879+00:00"
"glormph","https://avatars.githubusercontent.com/u/2255410?v=4","2025-04-10 02:37:23.560879+00:00"
"gmauro","https://avatars.githubusercontent.com/u/4559911?v=4","2025-04-16 02:55:34.879339+00:00"
"gokceoguz","https://avatars.githubusercontent.com/u/22001565?v=4","2025-04-07 02:37:23.560879+00:00"
"golharam","https://avatars.githubusercontent.com/u/671079?v=4","2025-04-20 02:55:34.879339+00:00"
"graceahall","https://avatars.githubusercontent.com/u/72697118?v=4","2025-04-02 02:37:23.560879+00:00"
"gregvonkuster","https://avatars.githubusercontent.com/u/6947053?v=4","2025-04-09 02:34:01.302796+00:00"
"gtrichard","https://avatars.githubusercontent.com/u/26085589?v=4","2025-04-18 02:37:23.560879+00:00"
"guerler","https://avatars.githubusercontent.com/u/2105447?v=4","2025-04-16 02:37:23.560879+00:00"
"guillaume-gricourt","https://avatars.githubusercontent.com/u/22823008?v=4","2025-04-15 02:55:34.879339+00:00"
"gulsumgudukbay","https://avatars.githubusercontent.com/u/10243823?v=4","2025-04-05 02:17:15.916902+00:00"
"gxydevbot","https://avatars.githubusercontent.com/u/72021197?v=4","2025-04-09 02:34:01.302796+00:00"
"hackdna","https://avatars.githubusercontent.com/u/452575?v=4","2025-04-02 02:37:23.560879+00:00"
"hadleyking","https://avatars.githubusercontent.com/u/20343214?v=4","2025-04-28 02:55:34.879339+00:00"
"hagto","https://avatars.githubusercontent.com/u/36763362?v=4","2025-04-02 02:34:01.302796+00:00"
"hanfeisun","https://avatars.githubusercontent.com/u/922081?v=4","2025-04-07 02:17:15.916902+00:00"
"hangjiaz","https://avatars.githubusercontent.com/u/55445423?v=4","2025-04-07 02:55:34.879339+00:00"
"hanourine","https://avatars.githubusercontent.com/u/171325849?v=4","2025-04-10 02:55:34.879339+00:00"
"hassanamr","https://avatars.githubusercontent.com/u/12213474?v=4","2025-04-26 02:55:34.879339+00:00"
"hechth","https://avatars.githubusercontent.com/u/12066490?v=4","2025-04-09 02:17:15.916902+00:00"
"hegemanlab/w4mclassfilter_galaxy_wrapper","https://avatars.githubusercontent.com/u/16122538?v=4","2025-04-01 02:39:02.707822+00:00"
"hegemanlab/w4mcorcov_galaxy_wrapper","https://avatars.githubusercontent.com/u/16122538?v=4","2025-04-21 02:39:02.707822+00:00"
"hegemanlab/w4mjoinpn_galaxy_wrapper","https://avatars.githubusercontent.com/u/16122538?v=4","2025-04-26 02:57:14.425566+00:00"
"heisner-tillman","https://avatars.githubusercontent.com/u/117033448?v=4","2025-04-15 02:37:23.560879+00:00"
"helmholtz-ufz/galaxy-tools","https://avatars.githubusercontent.com/u/58946722?v=4","2025-04-05 02:35:39.910787+00:00"
"hepcat72","https://avatars.githubusercontent.com/u/2300532?v=4","2025-04-07 02:55:34.879339+00:00"
"hesenjan-ubul","","2024-10-22 02:29:36.573036+00:00"
"hexhowells","https://avatars.githubusercontent.com/u/58524460?v=4","2025-04-24 02:55:34.879339+00:00"
"hexylena","https://avatars.githubusercontent.com/u/458683?v=4","2025-04-04 02:17:15.916902+00:00"
"heylf","https://avatars.githubusercontent.com/u/8162688?v=4","2025-04-30 02:55:34.879339+00:00"
"hgsommer","https://avatars.githubusercontent.com/u/28751572?v=4","2025-04-04 02:34:01.302796+00:00"
"hillrunner2008","https://avatars.githubusercontent.com/u/1864452?v=4","2025-04-01 02:34:01.302796+00:00"
"hmenager","https://avatars.githubusercontent.com/u/1140736?v=4","2025-04-12 02:34:01.302796+00:00"
"hotsoupisgood","https://avatars.githubusercontent.com/u/14338713?v=4","2025-04-23 02:37:23.560879+00:00"
"hrhotz","https://avatars.githubusercontent.com/u/11062506?v=4","2025-04-20 02:55:34.879339+00:00"
"hrukkudyr","https://avatars.githubusercontent.com/u/32413040?v=4","2025-04-26 02:55:34.879339+00:00"
"hugolefeuvre","https://avatars.githubusercontent.com/u/161316836?v=4","2025-04-13 02:37:23.560879+00:00"
"huitang-earth","https://avatars.githubusercontent.com/u/17548269?v=4","2025-04-08 02:17:15.916902+00:00"
"hujambo-dunia","https://avatars.githubusercontent.com/u/3672779?v=4","2025-04-09 02:37:23.560879+00:00"
"hyunnaye","https://avatars.githubusercontent.com/u/61166764?v=4","2025-04-23 02:55:34.879339+00:00"
"icebert","https://avatars.githubusercontent.com/u/7262501?v=4","2025-04-10 02:55:34.879339+00:00"
"ieguinoa","https://avatars.githubusercontent.com/u/9387196?v=4","2025-04-28 02:55:34.879339+00:00"
"igcbioinformatics","https://avatars.githubusercontent.com/u/6805882?v=4","2025-04-14 02:34:01.302796+00:00"
"ilveroluca","https://avatars.githubusercontent.com/u/1502936?v=4","2025-04-11 02:37:23.560879+00:00"
"inabbioinformatics","https://avatars.githubusercontent.com/u/105433633?v=4","2025-04-18 02:37:23.560879+00:00"
"inithello","https://avatars.githubusercontent.com/u/11061218?v=4","2025-04-26 02:55:34.879339+00:00"
"inkuzmin","https://avatars.githubusercontent.com/u/3417020?v=4","2025-04-10 02:55:34.879339+00:00"
"innovate-invent","https://avatars.githubusercontent.com/u/1768820?v=4","2025-04-03 02:17:15.916902+00:00"
"invalid-email-address","","2024-01-05 16:36:32.949656"
"iracooke","https://avatars.githubusercontent.com/u/356929?v=4","2025-04-08 02:55:34.879339+00:00"
"irisdianauy","https://avatars.githubusercontent.com/u/17606346?v=4","2025-04-08 02:34:01.302796+00:00"
"ironmillos","https://avatars.githubusercontent.com/u/97023698?v=4","2025-04-03 02:17:15.916902+00:00"
"ishan2601","https://avatars.githubusercontent.com/u/44728047?v=4","2025-04-16 02:37:23.560879+00:00"
"islamheggy","https://avatars.githubusercontent.com/u/11975703?v=4","2025-04-06 02:37:23.560879+00:00"
"itisalirh","https://avatars.githubusercontent.com/u/8046843?v=4","2025-04-03 02:34:01.302796+00:00"
"ivelet","https://avatars.githubusercontent.com/u/42772901?v=4","2025-04-24 02:55:34.879339+00:00"
"iyadkandalaft","https://avatars.githubusercontent.com/u/751211?v=4","2025-04-21 02:37:23.560879+00:00"
"j-andrews7","https://avatars.githubusercontent.com/u/10225716?v=4","2025-04-09 02:37:23.560879+00:00"
"j-swang","https://avatars.githubusercontent.com/u/90451811?v=4","2025-04-19 02:55:34.879339+00:00"
"j34ni","https://avatars.githubusercontent.com/u/44261743?v=4","2025-04-25 02:55:34.879339+00:00"
"jaidevjoshi83","https://avatars.githubusercontent.com/u/17113046?v=4","2025-04-02 02:34:34.525879+00:00"
"jaimefrey","https://avatars.githubusercontent.com/u/3238591?v=4","2025-04-01 02:17:15.916902+00:00"
"janani-prasad","https://avatars.githubusercontent.com/u/20727154?v=4","2025-04-19 02:55:34.879339+00:00"
"jancrichter","https://avatars.githubusercontent.com/u/40425803?v=4","2025-04-07 02:34:01.302796+00:00"
"jankanis","https://avatars.githubusercontent.com/u/390547?v=4","2025-04-09 02:37:23.560879+00:00"
"jarrah42","https://avatars.githubusercontent.com/u/6130694?v=4","2025-04-01 02:17:15.916902+00:00"
"jaspero98","https://avatars.githubusercontent.com/u/38041391?v=4","2025-04-01 02:34:01.302796+00:00"
"jburel","https://avatars.githubusercontent.com/u/1022396?v=4","2025-04-15 02:34:01.302796+00:00"
"jcapelladesto","https://avatars.githubusercontent.com/u/13484950?v=4","2025-04-04 02:34:01.302796+00:00"
"jdavcs","https://avatars.githubusercontent.com/u/6132258?v=4","2025-04-03 02:34:01.302796+00:00"
"jeanfred","https://avatars.githubusercontent.com/u/364381?v=4","2025-04-02 02:34:01.302796+00:00"
"jeffreythiessen","https://avatars.githubusercontent.com/u/16961365?v=4","2025-04-07 02:17:15.916902+00:00"
"jencabral","https://avatars.githubusercontent.com/u/9087682?v=4","2025-04-15 02:55:34.879339+00:00"
"jennaj","https://avatars.githubusercontent.com/u/8999735?v=4","2025-04-11 02:55:34.879339+00:00"
"jennifertran","https://avatars.githubusercontent.com/u/11945573?v=4","2025-04-12 02:37:23.560879+00:00"
"jenzopr","https://avatars.githubusercontent.com/u/8362850?v=4","2025-04-08 02:34:01.302796+00:00"
"jeremyfix","https://avatars.githubusercontent.com/u/1128418?v=4","2025-04-21 02:55:34.879339+00:00"
"jesgomez","https://avatars.githubusercontent.com/u/11632100?v=4","2025-04-24 02:55:34.879339+00:00"
"jessicachung","https://avatars.githubusercontent.com/u/4455672?v=4","2025-04-03 02:34:01.302796+00:00"
"jfallmann","https://avatars.githubusercontent.com/u/5663601?v=4","2025-04-05 02:34:01.302796+00:00"
"jgoecks","https://avatars.githubusercontent.com/u/882193?v=4","2025-04-01 02:37:23.560879+00:00"
"jhl667","","2024-06-26 10:25:30.711742+00:00"
"jianzuoyi","https://avatars.githubusercontent.com/u/7628861?v=4","2025-04-01 02:34:01.302796+00:00"
"jj-umn","https://avatars.githubusercontent.com/u/2116803?v=4","2025-04-09 02:34:01.302796+00:00"
"jjkoehorst","https://avatars.githubusercontent.com/u/4471699?v=4","2025-04-26 02:55:34.879339+00:00"
"jkh1","https://avatars.githubusercontent.com/u/5235745?v=4","2025-04-19 02:37:23.560879+00:00"
"jkreplak","https://avatars.githubusercontent.com/u/101285368?v=4","2025-04-06 02:37:23.560879+00:00"
"jmchilton","https://avatars.githubusercontent.com/u/216771?v=4","2025-04-15 02:34:01.302796+00:00"
"jo-stfc","https://avatars.githubusercontent.com/u/71326101?v=4","2025-04-13 02:37:23.560879+00:00"
"joachimjacob","https://avatars.githubusercontent.com/u/1138051?v=4","2025-04-11 02:34:01.302796+00:00"
"joachimwolff","https://avatars.githubusercontent.com/u/13435136?v=4","2025-04-09 02:17:15.916902+00:00"
"joelvdavies","https://avatars.githubusercontent.com/u/90245114?v=4","2025-04-28 02:55:34.879339+00:00"
"johagl","https://avatars.githubusercontent.com/u/64928561?v=4","2025-04-13 02:55:34.879339+00:00"
"johanneskoester","https://avatars.githubusercontent.com/u/1858646?v=4","2025-04-17 02:55:34.879339+00:00"
"johnbradley","https://avatars.githubusercontent.com/u/1024463?v=4","2025-04-15 02:55:34.879339+00:00"
"johnlonginotto","https://avatars.githubusercontent.com/u/8248575?v=4","2025-04-23 02:37:23.560879+00:00"
"joseespinosa","https://avatars.githubusercontent.com/u/6224346?v=4","2025-04-09 02:55:34.879339+00:00"
"jozh2008","https://avatars.githubusercontent.com/u/147483429?v=4","2025-04-13 02:37:23.560879+00:00"
"jpmaree","https://avatars.githubusercontent.com/u/38108302?v=4","2025-04-09 02:55:34.879339+00:00"
"jraysajulga","https://avatars.githubusercontent.com/u/32586466?v=4","2025-04-14 02:34:01.302796+00:00"
"jsaintvanne","https://avatars.githubusercontent.com/u/35449860?v=4","2025-04-16 02:37:23.560879+00:00"
"jsh58","https://avatars.githubusercontent.com/u/4921955?v=4","2025-04-07 02:34:01.302796+00:00"
"juleengraham","https://avatars.githubusercontent.com/u/15222749?v=4","2025-04-22 02:55:34.879339+00:00"
"julozi","https://avatars.githubusercontent.com/u/350069?v=4","2025-04-02 02:17:15.916902+00:00"
"junzwang","https://avatars.githubusercontent.com/u/16789060?v=4","2025-04-23 02:55:34.879339+00:00"
"jvanbraekel","https://avatars.githubusercontent.com/u/29703119?v=4","2025-04-08 02:37:23.560879+00:00"
"jvolkening","https://avatars.githubusercontent.com/u/11667655?v=4","2025-04-18 02:37:23.560879+00:00"
"jw44lavo","https://avatars.githubusercontent.com/u/45915798?v=4","2025-04-14 02:55:34.879339+00:00"
"jxtx","https://avatars.githubusercontent.com/u/79973?v=4","2025-04-10 02:55:34.879339+00:00"
"k66chen","https://avatars.githubusercontent.com/u/8548239?v=4","2025-04-28 02:55:34.879339+00:00"
"kaiongithub","https://avatars.githubusercontent.com/u/50620424?v=4","2025-04-02 02:34:34.525879+00:00"
"kaktus42","https://avatars.githubusercontent.com/u/1608815?v=4","2025-04-08 02:34:01.302796+00:00"
"kanwei","https://avatars.githubusercontent.com/u/16632?v=4","2025-04-08 02:34:01.302796+00:00"
"katherine-d21","https://avatars.githubusercontent.com/u/87382604?v=4","2025-04-07 02:17:15.916902+00:00"
"katrinleinweber","https://avatars.githubusercontent.com/u/9948149?v=4","2025-04-14 02:37:23.560879+00:00"
"kaukrise","https://avatars.githubusercontent.com/u/1540112?v=4","2025-04-11 02:55:34.879339+00:00"
"kavonrtep","https://avatars.githubusercontent.com/u/8256626?v=4","2025-04-04 02:34:01.302796+00:00"
"kbessonov1984","https://avatars.githubusercontent.com/u/16680511?v=4","2025-04-04 02:34:01.302796+00:00"
"kciy","https://avatars.githubusercontent.com/u/28395793?v=4","2025-04-17 02:55:34.879339+00:00"
"keizouehara","https://avatars.githubusercontent.com/u/17373277?v=4","2025-04-12 02:34:01.302796+00:00"
"kellrott","https://avatars.githubusercontent.com/u/113868?v=4","2025-04-02 02:34:34.525879+00:00"
"kennedydane","https://avatars.githubusercontent.com/u/8559534?v=4","2025-04-05 02:37:23.560879+00:00"
"kenza12","https://avatars.githubusercontent.com/u/17780887?v=4","2025-04-10 02:34:01.302796+00:00"
"kernco","https://avatars.githubusercontent.com/u/709185?v=4","2025-04-28 02:55:34.879339+00:00"
"khaled196","https://avatars.githubusercontent.com/u/56037954?v=4","2025-04-28 02:55:34.879339+00:00"
"khanteymoori","https://avatars.githubusercontent.com/u/47894572?v=4","2025-04-03 02:37:23.560879+00:00"
"khillion","https://avatars.githubusercontent.com/u/19709855?v=4","2025-04-06 02:34:01.302796+00:00"
"kidanem","https://avatars.githubusercontent.com/u/11715191?v=4","2025-04-14 02:55:34.879339+00:00"
"kilpert","https://avatars.githubusercontent.com/u/6972861?v=4","2025-04-11 02:34:01.302796+00:00"
"kiwiroy","https://avatars.githubusercontent.com/u/313562?v=4","2025-04-23 02:37:23.560879+00:00"
"kjetilkl","https://avatars.githubusercontent.com/u/11836598?v=4","2025-04-11 02:34:01.302796+00:00"
"kkamieniecka","https://avatars.githubusercontent.com/u/20141646?v=4","2025-04-08 02:55:34.879339+00:00"
"knutwa-ext","https://avatars.githubusercontent.com/u/74406250?v=4","2025-04-03 02:37:23.560879+00:00"
"korseby","https://avatars.githubusercontent.com/u/15999310?v=4","2025-04-12 02:34:01.302796+00:00"
"kostrykin","https://avatars.githubusercontent.com/u/6557139?v=4","2025-04-23 02:37:23.560879+00:00"
"kpbioteam","https://avatars.githubusercontent.com/u/36326793?v=4","2025-04-30 02:55:34.879339+00:00"
"kristinagomoryova","https://avatars.githubusercontent.com/u/45943629?v=4","2025-04-19 02:55:34.879339+00:00"
"ksuderman","https://avatars.githubusercontent.com/u/4098072?v=4","2025-04-12 02:34:01.302796+00:00"
"kurt-hanel","https://avatars.githubusercontent.com/u/27088804?v=4","2025-04-29 02:55:34.879339+00:00"
"kxk302","https://avatars.githubusercontent.com/u/11462400?v=4","2025-04-23 02:37:23.560879+00:00"
"kylelamoureux","https://avatars.githubusercontent.com/u/45516579?v=4","2025-04-17 02:37:23.560879+00:00"
"kyllend","https://avatars.githubusercontent.com/u/68296178?v=4","2025-04-13 02:37:23.560879+00:00"
"kysrpex","https://avatars.githubusercontent.com/u/43052541?v=4","2025-04-02 02:37:23.560879+00:00"
"lain-inrae","https://avatars.githubusercontent.com/u/72435441?v=4","2025-04-14 02:37:23.560879+00:00"
"lamouresparus","https://avatars.githubusercontent.com/u/34775925?v=4","2025-04-18 02:37:23.560879+00:00"
"laperlej","https://avatars.githubusercontent.com/u/8182113?v=4","2025-04-07 02:37:23.560879+00:00"
"lawrence1470","https://avatars.githubusercontent.com/u/98620798?v=4","2025-04-04 02:34:01.302796+00:00"
"leandro-liborio","https://avatars.githubusercontent.com/u/13729496?v=4","2025-04-16 02:55:34.879339+00:00"
"lecorguille","https://avatars.githubusercontent.com/u/11072022?v=4","2025-04-23 02:37:23.560879+00:00"
"lehmann-ju","https://avatars.githubusercontent.com/u/72375438?v=4","2025-04-02 02:34:01.302796+00:00"
"leilyr","https://avatars.githubusercontent.com/u/25766687?v=4","2025-04-07 02:17:15.916902+00:00"
"leobiscassi","https://avatars.githubusercontent.com/u/1977418?v=4","2025-04-04 02:17:15.916902+00:00"
"lgpdevtools","https://avatars.githubusercontent.com/u/45903129?v=4","2025-04-04 02:34:01.302796+00:00"
"lgpdv","https://avatars.githubusercontent.com/u/42606032?v=4","2025-04-30 02:55:34.879339+00:00"
"lijinbio","https://avatars.githubusercontent.com/u/16247242?v=4","2025-04-08 02:34:01.302796+00:00"
"lindenb","https://avatars.githubusercontent.com/u/33838?v=4","2025-04-10 02:55:34.879339+00:00"
"linnil1","https://avatars.githubusercontent.com/u/14067508?v=4","2025-04-16 02:55:34.879339+00:00"
"lisanna","https://avatars.githubusercontent.com/u/8490781?v=4","2025-04-06 02:17:15.916902+00:00"
"ljocha","https://avatars.githubusercontent.com/u/8985711?v=4","2025-04-17 02:55:34.879339+00:00"
"lldelisle","https://avatars.githubusercontent.com/u/30404086?v=4","2025-04-16 02:37:23.560879+00:00"
"lldelisle/tools-lldelisle","https://avatars.githubusercontent.com/u/30404086?v=4","2025-04-10 02:39:02.707822+00:00"
"llegregam","https://avatars.githubusercontent.com/u/75795040?v=4","2025-04-09 02:17:15.916902+00:00"
"lleroi","https://avatars.githubusercontent.com/u/16083218?v=4","2025-04-25 02:55:34.879339+00:00"
"lopiola","https://avatars.githubusercontent.com/u/5703111?v=4","2025-04-13 02:34:01.302796+00:00"
"loraine-gueguen","https://avatars.githubusercontent.com/u/16136876?v=4","2025-04-08 02:34:01.302796+00:00"
"lorrainealisha75","https://avatars.githubusercontent.com/u/34241511?v=4","2025-04-27 02:55:34.879339+00:00"
"lparsons","https://avatars.githubusercontent.com/u/645128?v=4","2025-04-08 02:17:15.916902+00:00"
"luke-c-sargent","https://avatars.githubusercontent.com/u/11185084?v=4","2025-04-23 02:37:23.560879+00:00"
"lybcnu","https://avatars.githubusercontent.com/u/102403621?v=4","2025-04-10 02:34:01.302796+00:00"
"maartenschermer","https://avatars.githubusercontent.com/u/6727628?v=4","2025-04-16 02:55:34.879339+00:00"
"machristie","https://avatars.githubusercontent.com/u/904957?v=4","2025-04-08 02:37:23.560879+00:00"
"madisonkeene","https://avatars.githubusercontent.com/u/2037786?v=4","2025-04-19 02:37:23.560879+00:00"
"mahendrapaipuri","https://avatars.githubusercontent.com/u/44365948?v=4","2025-04-14 02:55:34.879339+00:00"
"mahmoudibrahim","https://avatars.githubusercontent.com/u/9306949?v=4","2025-04-16 02:37:23.560879+00:00"
"maikenp","https://avatars.githubusercontent.com/u/22190352?v=4","2025-04-15 02:34:01.302796+00:00"
"malloryfreeberg","https://avatars.githubusercontent.com/u/10993501?v=4","2025-04-21 02:37:23.560879+00:00"
"manabuishii","https://avatars.githubusercontent.com/u/7508005?v=4","2025-04-01 02:34:01.302796+00:00"
"manonmartin","https://avatars.githubusercontent.com/u/14312306?v=4","2025-04-09 02:34:01.302796+00:00"
"mapk-amazon","https://avatars.githubusercontent.com/u/125464188?v=4","2025-04-11 02:34:01.302796+00:00"
"marabesemer","https://avatars.githubusercontent.com/u/118823479?v=4","2025-04-19 02:55:34.879339+00:00"
"marenni","https://avatars.githubusercontent.com/u/48085768?v=4","2025-04-10 02:34:01.302796+00:00"
"marenstillger","https://avatars.githubusercontent.com/u/72917337?v=4","2025-04-13 02:37:23.560879+00:00"
"mariabernard","https://avatars.githubusercontent.com/u/14291053?v=4","2025-04-27 02:55:34.879339+00:00"
"marie59","https://avatars.githubusercontent.com/u/84919248?v=4","2025-04-16 02:34:01.302796+00:00"
"mariebvr","https://avatars.githubusercontent.com/u/20929578?v=4","2025-04-19 02:37:23.560879+00:00"
"mariecrane","https://avatars.githubusercontent.com/u/35476290?v=4","2025-04-05 02:34:01.302796+00:00"
"mariipia10","https://avatars.githubusercontent.com/u/92181987?v=4","2025-04-18 02:55:34.879339+00:00"
"marionnyaboke","https://avatars.githubusercontent.com/u/45264074?v=4","2025-04-15 02:37:23.560879+00:00"
"marisajl","https://avatars.githubusercontent.com/u/115314387?v=4","2025-04-18 02:37:23.560879+00:00"
"markiskander","https://avatars.githubusercontent.com/u/14098761?v=4","2025-04-10 02:55:34.879339+00:00"
"markuskonk","https://avatars.githubusercontent.com/u/2863409?v=4","2025-04-26 02:55:34.879339+00:00"
"martenson","https://avatars.githubusercontent.com/u/1814954?v=4","2025-04-16 02:34:01.302796+00:00"
"martijnvermaattest","https://avatars.githubusercontent.com/u/17727768?v=4","2025-04-11 02:34:01.302796+00:00"
"martin-g","https://avatars.githubusercontent.com/u/232002?v=4","2025-04-07 02:37:23.560879+00:00"
"martin-raden","https://avatars.githubusercontent.com/u/22291305?v=4","2025-04-02 02:37:23.560879+00:00"
"martinwolst","https://avatars.githubusercontent.com/u/18138487?v=4","2025-04-01 02:17:15.916902+00:00"
"mataivic","","2025-03-31 02:17:15.916902+00:00"
"materialsgalaxy/larch-tools","https://avatars.githubusercontent.com/u/134234776?v=4","2025-04-05 02:18:38.887852+00:00"
"matthdsm","https://avatars.githubusercontent.com/u/11850640?v=4","2025-04-29 02:55:34.879339+00:00"
"matthew-fogel","https://avatars.githubusercontent.com/u/28375306?v=4","2025-04-03 02:37:23.560879+00:00"
"matthewralston","https://avatars.githubusercontent.com/u/4308024?v=4","2025-04-08 02:34:01.302796+00:00"
"matthias313","https://avatars.githubusercontent.com/u/28619779?v=4","2025-04-12 02:55:34.879339+00:00"
"matuskalas","https://avatars.githubusercontent.com/u/992660?v=4","2025-04-07 02:17:15.916902+00:00"
"maux82","https://avatars.githubusercontent.com/u/1789461?v=4","2025-04-09 02:55:34.879339+00:00"
"maxf130","https://avatars.githubusercontent.com/u/6764209?v=4","2025-04-03 02:37:23.560879+00:00"
"maximskorik","https://avatars.githubusercontent.com/u/37554442?v=4","2025-04-11 02:37:23.560879+00:00"
"mbargull","https://avatars.githubusercontent.com/u/10598343?v=4","2025-04-29 02:55:34.879339+00:00"
"mblue9","https://avatars.githubusercontent.com/u/5591821?v=4","2025-04-16 02:55:34.879339+00:00"
"mboudet","https://avatars.githubusercontent.com/u/17642511?v=4","2025-04-02 02:34:34.525879+00:00"
"mccalluc","https://avatars.githubusercontent.com/u/730388?v=4","2025-04-14 02:34:01.302796+00:00"
"mcharleston","https://avatars.githubusercontent.com/u/9811286?v=4","2025-04-19 02:55:34.879339+00:00"
"mcmaniou","https://avatars.githubusercontent.com/u/62932118?v=4","2025-04-21 02:55:34.879339+00:00"
"mcuaya1","https://avatars.githubusercontent.com/u/80364641?v=4","2025-04-22 02:37:23.560879+00:00"
"md-chem","https://avatars.githubusercontent.com/u/59404928?v=4","2025-04-14 02:34:01.302796+00:00"
"mdshw5","https://avatars.githubusercontent.com/u/819554?v=4","2025-04-16 02:34:01.302796+00:00"
"meadsteve","https://avatars.githubusercontent.com/u/1663120?v=4","2025-04-04 02:17:15.916902+00:00"
"medda","https://avatars.githubusercontent.com/u/22594171?v=4","2025-04-14 02:55:34.879339+00:00"
"mehgan-e","https://avatars.githubusercontent.com/u/157180722?v=4","2025-04-08 02:17:15.916902+00:00"
"melibleq","https://avatars.githubusercontent.com/u/16723182?v=4","2025-04-22 02:55:34.879339+00:00"
"melkeb","https://avatars.githubusercontent.com/u/92672921?v=4","2025-04-19 02:37:23.560879+00:00"
"melpetera","https://avatars.githubusercontent.com/u/20553061?v=4","2025-04-14 02:34:01.302796+00:00"
"mennayousef","https://avatars.githubusercontent.com/u/139762536?v=4","2025-04-02 02:34:01.302796+00:00"
"mepcotterell","https://avatars.githubusercontent.com/u/49024?v=4","2025-04-20 02:55:34.879339+00:00"
"methylome","https://avatars.githubusercontent.com/u/9466414?v=4","2025-04-12 02:55:34.879339+00:00"
"mgopez","https://avatars.githubusercontent.com/u/23063355?v=4","2025-04-15 02:55:34.879339+00:00"
"michauhl","https://avatars.githubusercontent.com/u/10600238?v=4","2025-04-08 02:37:23.560879+00:00"
"michelemaroni","https://avatars.githubusercontent.com/u/35966074?v=4","2025-04-07 02:17:15.916902+00:00"
"michelraymond","https://avatars.githubusercontent.com/u/13813708?v=4","2025-04-03 02:37:23.560879+00:00"
"miguelcos","https://avatars.githubusercontent.com/u/33185213?v=4","2025-04-15 02:37:23.560879+00:00"
"migueljulia","https://avatars.githubusercontent.com/u/15030583?v=4","2025-04-03 02:34:01.302796+00:00"
"mike8115","https://avatars.githubusercontent.com/u/7130126?v=4","2025-04-22 02:37:23.560879+00:00"
"mikelove","https://avatars.githubusercontent.com/u/69203?v=4","2025-04-19 02:55:34.879339+00:00"
"millen2223","https://avatars.githubusercontent.com/u/87771278?v=4","2025-04-09 02:37:23.560879+00:00"
"minamehr","https://avatars.githubusercontent.com/u/73378149?v=4","2025-04-23 02:55:34.879339+00:00"
"mingchen0919","https://avatars.githubusercontent.com/u/1262709?v=4","2025-04-09 02:34:01.302796+00:00"
"minh-biocommons","https://avatars.githubusercontent.com/u/127712842?v=4","2025-04-09 02:34:01.302796+00:00"
"mira-miracoli","https://avatars.githubusercontent.com/u/86979912?v=4","2025-04-16 02:55:34.879339+00:00"
"mirelaminkova","https://avatars.githubusercontent.com/u/121402109?v=4","2025-04-06 02:37:23.560879+00:00"
"mirlykayleigh","https://avatars.githubusercontent.com/u/117449408?v=4","2025-04-20 02:55:34.879339+00:00"
"mmiladi","https://avatars.githubusercontent.com/u/6370737?v=4","2025-04-13 02:55:34.879339+00:00"
"mmonsoor","https://avatars.githubusercontent.com/u/15906049?v=4","2025-04-06 02:37:23.560879+00:00"
"moffmade","https://avatars.githubusercontent.com/u/5633348?v=4","2025-04-05 02:37:23.560879+00:00"
"moheydarian","https://avatars.githubusercontent.com/u/18484759?v=4","2025-04-08 02:37:23.560879+00:00"
"monikaheinzl","https://avatars.githubusercontent.com/u/38460332?v=4","2025-04-03 02:37:23.560879+00:00"
"moskalenko","https://avatars.githubusercontent.com/u/151978?v=4","2025-04-18 02:37:23.560879+00:00"
"mpalmada","https://avatars.githubusercontent.com/u/78851165?v=4","2025-04-16 02:55:34.879339+00:00"
"mr-c","https://avatars.githubusercontent.com/u/1330696?v=4","2025-04-07 02:17:15.916902+00:00"
"msauria","https://avatars.githubusercontent.com/u/5439885?v=4","2025-04-14 02:55:34.879339+00:00"
"mschatz","https://avatars.githubusercontent.com/u/196083?v=4","2025-04-01 02:17:15.916902+00:00"
"mtangaro","https://avatars.githubusercontent.com/u/16704987?v=4","2025-04-20 02:37:23.560879+00:00"
"mtekman","https://avatars.githubusercontent.com/u/20641402?v=4","2025-04-14 02:34:01.302796+00:00"
"mthang","https://avatars.githubusercontent.com/u/19919190?v=4","2025-04-11 02:37:23.560879+00:00"
"mtremblayfr","https://avatars.githubusercontent.com/u/17181264?v=4","2025-04-01 02:34:01.302796+00:00"
"muon-spectroscopy-computational-project/muon-galaxy-tools","https://avatars.githubusercontent.com/u/42340552?v=4","2025-04-05 02:18:38.887852+00:00"
"mvdbeek","https://avatars.githubusercontent.com/u/6804901?v=4","2025-04-21 02:55:34.879339+00:00"
"mwolfien","https://avatars.githubusercontent.com/u/11211886?v=4","2025-04-23 02:37:23.560879+00:00"
"myles-bilong","","2025-01-17 02:18:46.764286+00:00"
"mytreesings","https://avatars.githubusercontent.com/u/115712152?v=4","2025-04-29 02:55:34.879339+00:00"
"nadolina","https://avatars.githubusercontent.com/u/73204272?v=4","2025-04-08 02:34:01.302796+00:00"
"nagoue","https://avatars.githubusercontent.com/u/9028638?v=4","2025-04-04 02:34:01.302796+00:00"
"nairanaouar","https://avatars.githubusercontent.com/u/32098160?v=4","2025-04-02 02:37:23.560879+00:00"
"najatamk","https://avatars.githubusercontent.com/u/172804454?v=4","2025-04-16 02:34:01.302796+00:00"
"najoshi","https://avatars.githubusercontent.com/u/607905?v=4","2025-04-15 02:55:34.879339+00:00"
"nakucher","https://avatars.githubusercontent.com/u/80000074?v=4","2025-04-01 02:34:01.302796+00:00"
"namhsuya","https://avatars.githubusercontent.com/u/27614744?v=4","2025-04-08 02:55:34.879339+00:00"
"natalie-wa","https://avatars.githubusercontent.com/u/129767521?v=4","2025-04-08 02:55:34.879339+00:00"
"natalieeo","https://avatars.githubusercontent.com/u/16004905?v=4","2025-04-19 02:55:34.879339+00:00"
"natefoo","https://avatars.githubusercontent.com/u/286969?v=4","2025-04-07 02:37:23.560879+00:00"
"nathandunn","https://avatars.githubusercontent.com/u/751274?v=4","2025-04-14 02:34:01.302796+00:00"
"natproach","https://avatars.githubusercontent.com/u/5082137?v=4","2025-04-16 02:34:01.302796+00:00"
"natwhitaker","","2024-09-10 02:15:21.872534+00:00"
"nceichner","https://avatars.githubusercontent.com/u/31483851?v=4","2025-04-23 02:55:34.879339+00:00"
"neato-nick","https://avatars.githubusercontent.com/u/5849554?v=4","2025-04-02 02:37:23.560879+00:00"
"nehhen","https://avatars.githubusercontent.com/u/16402139?v=4","2025-04-15 02:34:01.302796+00:00"
"nekrut","https://avatars.githubusercontent.com/u/4291636?v=4","2025-04-16 02:34:01.302796+00:00"
"neoformit","https://avatars.githubusercontent.com/u/42562517?v=4","2025-04-12 02:34:01.302796+00:00"
"neonbluestoplight","https://avatars.githubusercontent.com/u/111756417?v=4","2025-04-05 02:37:23.560879+00:00"
"nephantes","https://avatars.githubusercontent.com/u/4869692?v=4","2025-04-02 02:37:23.560879+00:00"
"nerdinacan","https://avatars.githubusercontent.com/u/290292?v=4","2025-04-12 02:37:23.560879+00:00"
"nh3","https://avatars.githubusercontent.com/u/421523?v=4","2025-04-15 02:34:01.302796+00:00"
"nicherndon","https://avatars.githubusercontent.com/u/4636279?v=4","2025-04-03 02:37:23.560879+00:00"
"nicholasweiner","https://avatars.githubusercontent.com/u/45693455?v=4","2025-04-18 02:55:34.879339+00:00"
"nickeener","https://avatars.githubusercontent.com/u/36525811?v=4","2025-04-08 02:17:15.916902+00:00"
"nicksto","https://avatars.githubusercontent.com/u/645773?v=4","2025-04-01 02:34:34.525879+00:00"
"nicodr97","https://avatars.githubusercontent.com/u/46527244?v=4","2025-04-05 02:17:15.916902+00:00"
"nilchia","https://avatars.githubusercontent.com/u/66441226?v=4","2025-04-08 02:55:34.879339+00:00"
"njall","https://avatars.githubusercontent.com/u/860475?v=4","2025-04-22 02:37:23.560879+00:00"
"nomadscientist","https://avatars.githubusercontent.com/u/44605769?v=4","2025-04-16 02:34:01.302796+00:00"
"nordicesmhub/galaxy-tools","https://avatars.githubusercontent.com/u/43247073?v=4","2025-04-15 02:35:39.910787+00:00"
"nota30","https://avatars.githubusercontent.com/u/60175653?v=4","2025-04-01 02:37:23.560879+00:00"
"npechl","https://avatars.githubusercontent.com/u/44325851?v=4","2025-04-03 02:34:01.302796+00:00"
"npinter","https://avatars.githubusercontent.com/u/34959927?v=4","2025-04-03 02:17:15.916902+00:00"
"nsoranzo","https://avatars.githubusercontent.com/u/4924623?v=4","2025-04-08 02:17:15.916902+00:00"
"nturaga","https://avatars.githubusercontent.com/u/2746443?v=4","2025-04-15 02:37:23.560879+00:00"
"nurzhamalyrys","https://avatars.githubusercontent.com/u/96378943?v=4","2025-04-04 02:37:23.560879+00:00"
"nuwang","https://avatars.githubusercontent.com/u/2070605?v=4","2025-04-30 02:55:34.879339+00:00"
"nvk747","https://avatars.githubusercontent.com/u/39386288?v=4","2025-04-02 02:17:15.916902+00:00"
"o-william-white","https://avatars.githubusercontent.com/u/10031094?v=4","2025-04-08 02:55:34.879339+00:00"
"oddant1","https://avatars.githubusercontent.com/u/10642616?v=4","2025-04-06 02:17:15.916902+00:00"
"odoland","https://avatars.githubusercontent.com/u/20232292?v=4","2025-04-26 02:55:34.879339+00:00"
"odoppelt","https://avatars.githubusercontent.com/u/2970530?v=4","2025-04-09 02:34:01.302796+00:00"
"ofilangi","https://avatars.githubusercontent.com/u/16104110?v=4","2025-04-03 02:37:23.560879+00:00"
"oinizan","https://avatars.githubusercontent.com/u/19281069?v=4","2025-04-13 02:37:23.560879+00:00"
"ol-musky","https://avatars.githubusercontent.com/u/39516568?v=4","2025-04-16 02:34:01.302796+00:00"
"olegzharkov","https://avatars.githubusercontent.com/u/15801412?v=4","2025-04-07 02:34:01.302796+00:00"
"olivierrue","https://avatars.githubusercontent.com/u/39589330?v=4","2025-04-07 02:55:34.879339+00:00"
"ooobik","https://avatars.githubusercontent.com/u/3826220?v=4","2025-04-16 02:55:34.879339+00:00"
"opplatek","https://avatars.githubusercontent.com/u/178768816?v=4","2025-04-09 02:55:34.879339+00:00"
"osallou","https://avatars.githubusercontent.com/u/1024098?v=4","2025-04-13 02:55:34.879339+00:00"
"otatadeabigail","https://avatars.githubusercontent.com/u/78880128?v=4","2025-04-07 02:55:34.879339+00:00"
"oxyko","https://avatars.githubusercontent.com/u/2932487?v=4","2025-04-12 02:34:01.302796+00:00"
"pajanne","https://avatars.githubusercontent.com/u/214738?v=4","2025-04-10 02:34:01.302796+00:00"
"paprikant","https://avatars.githubusercontent.com/u/15705080?v=4","2025-04-30 02:55:34.879339+00:00"
"patcapon39","https://avatars.githubusercontent.com/u/137233925?v=4","2025-04-06 02:17:15.916902+00:00"
"patrick-austin","https://avatars.githubusercontent.com/u/61705287?v=4","2025-04-02 02:34:34.525879+00:00"
"pauandrio","https://avatars.githubusercontent.com/u/2580617?v=4","2025-04-20 02:37:23.560879+00:00"
"pauldg","https://avatars.githubusercontent.com/u/3739390?v=4","2025-04-16 02:34:01.302796+00:00"
"paulinesgn","https://avatars.githubusercontent.com/u/107857379?v=4","2025-04-13 02:37:23.560879+00:00"
"paulocilasjr","https://avatars.githubusercontent.com/u/58008200?v=4","2025-04-02 02:37:23.560879+00:00"
"paulzierep","https://avatars.githubusercontent.com/u/22075451?v=4","2025-04-05 02:17:15.916902+00:00"
"pavanvidem","https://avatars.githubusercontent.com/u/5268277?v=4","2025-04-11 02:37:23.560879+00:00"
"pcm32","https://avatars.githubusercontent.com/u/368478?v=4","2025-04-17 02:55:34.879339+00:00"
"perlatroncosorey","https://avatars.githubusercontent.com/u/12328010?v=4","2025-04-02 02:34:01.302796+00:00"
"peterjc","https://avatars.githubusercontent.com/u/63959?v=4","2025-04-12 02:37:23.560879+00:00"
"peterjc/galaxy_blast","https://avatars.githubusercontent.com/u/63959?v=4","2025-04-19 02:39:02.707822+00:00"
"peterjc/pico_galaxy","https://avatars.githubusercontent.com/u/63959?v=4","2025-04-27 02:57:14.425566+00:00"
"peterk87","https://avatars.githubusercontent.com/u/4203424?v=4","2025-04-09 02:34:01.302796+00:00"
"petraea","https://avatars.githubusercontent.com/u/5269432?v=4","2025-04-22 02:37:23.560879+00:00"
"phac-nml/galaxy_tools","https://avatars.githubusercontent.com/u/15620262?v=4","2025-04-09 02:57:14.425566+00:00"
"phac-nml/snvphyl-galaxy","https://avatars.githubusercontent.com/u/15620262?v=4","2025-04-15 02:57:14.425566+00:00"
"philreeddata","https://avatars.githubusercontent.com/u/25770348?v=4","2025-04-02 02:17:15.916902+00:00"
"pickettbd","https://avatars.githubusercontent.com/u/7318579?v=4","2025-04-01 02:17:15.916902+00:00"
"pimarin","https://avatars.githubusercontent.com/u/49316349?v=4","2025-04-08 02:17:15.916902+00:00"
"pinin4fjords","https://avatars.githubusercontent.com/u/5775915?v=4","2025-04-11 02:55:34.879339+00:00"
"pixalytics","https://avatars.githubusercontent.com/u/4532187?v=4","2025-04-08 02:37:23.560879+00:00"
"pjbriggs","https://avatars.githubusercontent.com/u/840204?v=4","2025-04-06 02:34:01.302796+00:00"
"pkohvaei","https://avatars.githubusercontent.com/u/1241257?v=4","2025-04-11 02:34:01.302796+00:00"
"pkrog","https://avatars.githubusercontent.com/u/15377906?v=4","2025-04-20 02:55:34.879339+00:00"
"planemo-autoupdate","https://avatars.githubusercontent.com/u/71008622?v=4","2025-04-10 02:37:23.560879+00:00"
"plushz","https://avatars.githubusercontent.com/u/55543056?v=4","2025-04-14 02:34:01.302796+00:00"
"pmb59","https://avatars.githubusercontent.com/u/8195212?v=4","2025-04-07 02:37:23.560879+00:00"
"pmjklemm","https://avatars.githubusercontent.com/u/17006049?v=4","2025-04-03 02:17:15.916902+00:00"
"pmpcosta","https://avatars.githubusercontent.com/u/110919?v=4","2025-04-23 02:37:23.560879+00:00"
"polkhe","https://avatars.githubusercontent.com/u/20798859?v=4","2025-04-16 02:37:23.560879+00:00"
"poterlowicz-lab","https://avatars.githubusercontent.com/u/18723544?v=4","2025-04-05 02:34:01.302796+00:00"
"prashantkuntala","https://avatars.githubusercontent.com/u/15619368?v=4","2025-04-14 02:34:01.302796+00:00"
"pratikdjagtap","https://avatars.githubusercontent.com/u/10679354?v=4","2025-04-11 02:34:01.302796+00:00"
"pravs3683","https://avatars.githubusercontent.com/u/5940997?v=4","2025-04-12 02:37:23.560879+00:00"
"profgiuseppe","https://avatars.githubusercontent.com/u/5399447?v=4","2025-04-29 02:55:34.879339+00:00"
"puva","https://avatars.githubusercontent.com/u/11088415?v=4","2025-04-07 02:34:01.302796+00:00"
"pvanheus","https://avatars.githubusercontent.com/u/4154788?v=4","2025-04-08 02:55:34.879339+00:00"
"qgao-hd","https://avatars.githubusercontent.com/u/64555893?v=4","2025-04-05 02:34:01.302796+00:00"
"qiagu","https://avatars.githubusercontent.com/u/36086881?v=4","2025-04-05 02:37:23.560879+00:00"
"quacksawbones","https://avatars.githubusercontent.com/u/1300104?v=4","2025-04-27 02:55:34.879339+00:00"
"quickbeasts51429","https://avatars.githubusercontent.com/u/70681723?v=4","2025-04-11 02:55:34.879339+00:00"
"rachelrios","https://avatars.githubusercontent.com/u/22080445?v=4","2025-04-21 02:55:34.879339+00:00"
"raguertin96","https://avatars.githubusercontent.com/u/80708398?v=4","2025-04-05 02:34:01.302796+00:00"
"rahmot","https://avatars.githubusercontent.com/u/39836912?v=4","2025-04-08 02:34:01.302796+00:00"
"ralwoss","https://avatars.githubusercontent.com/u/75944261?v=4","2025-04-05 02:17:15.916902+00:00"
"ramezrawas","https://avatars.githubusercontent.com/u/16448081?v=4","2025-04-11 02:55:34.879339+00:00"
"rassine","https://avatars.githubusercontent.com/u/94068648?v=4","2025-04-07 02:34:01.302796+00:00"
"raynooo","https://avatars.githubusercontent.com/u/5862205?v=4","2025-04-14 02:37:23.560879+00:00"
"rdallet","https://avatars.githubusercontent.com/u/33418051?v=4","2025-04-06 02:34:01.302796+00:00"
"realyhd","https://avatars.githubusercontent.com/u/11904216?v=4","2025-04-26 02:55:34.879339+00:00"
"recetox/galaxytools","https://avatars.githubusercontent.com/u/69039108?v=4","2025-04-07 02:39:02.707822+00:00"
"reginaesinamabotsi","https://avatars.githubusercontent.com/u/36770884?v=4","2025-04-24 02:55:34.879339+00:00"
"reid-wagner","https://avatars.githubusercontent.com/u/74672860?v=4","2025-04-17 02:37:23.560879+00:00"
"rekado","https://avatars.githubusercontent.com/u/47740?v=4","2025-04-08 02:17:15.916902+00:00"
"remimarenco","https://avatars.githubusercontent.com/u/2152858?v=4","2025-04-08 02:34:01.302796+00:00"
"remyd1","https://avatars.githubusercontent.com/u/929620?v=4","2025-04-11 02:37:23.560879+00:00"
"renni771","https://avatars.githubusercontent.com/u/57318507?v=4","2025-04-03 02:37:23.560879+00:00"
"renu-pal","https://avatars.githubusercontent.com/u/148717065?v=4","2025-04-10 02:34:01.302796+00:00"
"reskyner","https://avatars.githubusercontent.com/u/12764941?v=4","2025-04-18 02:37:23.560879+00:00"
"reytakop","https://avatars.githubusercontent.com/u/71424883?v=4","2025-04-27 02:55:34.879339+00:00"
"rhpvorderman","https://avatars.githubusercontent.com/u/26142226?v=4","2025-04-04 02:34:01.302796+00:00"
"richard-burhans","https://avatars.githubusercontent.com/u/12023419?v=4","2025-04-21 02:55:34.879339+00:00"
"richard-burhans/galaxytools","https://avatars.githubusercontent.com/u/12023419?v=4","2025-04-07 02:35:39.910787+00:00"
"richarddavidsonthegreat","https://avatars.githubusercontent.com/u/35276957?v=4","2025-04-14 02:34:01.302796+00:00"
"richardjacton","https://avatars.githubusercontent.com/u/6893043?v=4","2025-04-01 02:37:23.560879+00:00"
"rikeshi","https://avatars.githubusercontent.com/u/8019868?v=4","2025-04-23 02:37:23.560879+00:00"
"rjmw","https://avatars.githubusercontent.com/u/7114586?v=4","2025-04-07 02:55:34.879339+00:00"
"rlibouba","https://avatars.githubusercontent.com/u/127295521?v=4","2025-04-10 02:37:23.560879+00:00"
"rmassei","https://avatars.githubusercontent.com/u/118002526?v=4","2025-04-16 02:34:01.302796+00:00"
"roalva1","https://avatars.githubusercontent.com/u/1353483?v=4","2025-04-25 02:55:34.879339+00:00"
"robertmand","https://avatars.githubusercontent.com/u/46755217?v=4","2025-04-26 02:55:34.879339+00:00"
"roelsprimontuhasselt","https://avatars.githubusercontent.com/u/144136792?v=4","2025-04-11 02:37:23.560879+00:00"
"roncoronimiguel","https://avatars.githubusercontent.com/u/13274946?v=4","2025-04-21 02:55:34.879339+00:00"
"rpark37","https://avatars.githubusercontent.com/u/513429?v=4","2025-04-14 02:34:01.302796+00:00"
"rplanel","https://avatars.githubusercontent.com/u/3636585?v=4","2025-04-17 02:37:23.560879+00:00"
"rupertnash","https://avatars.githubusercontent.com/u/2197999?v=4","2025-04-03 02:37:23.560879+00:00"
"rwwh","https://avatars.githubusercontent.com/u/418043?v=4","2025-04-21 02:55:34.879339+00:00"
"rz9082","https://avatars.githubusercontent.com/u/58028465?v=4","2025-04-02 02:34:34.525879+00:00"
"s-will","https://avatars.githubusercontent.com/u/11848365?v=4","2025-04-02 02:17:15.916902+00:00"
"saimmomin12","https://avatars.githubusercontent.com/u/64724322?v=4","2025-04-27 02:55:34.879339+00:00"
"sajo25","https://avatars.githubusercontent.com/u/28693536?v=4","2025-04-06 02:37:23.560879+00:00"
"saketkc","https://avatars.githubusercontent.com/u/682153?v=4","2025-04-14 02:34:01.302796+00:00"
"samanthaanjei","https://avatars.githubusercontent.com/u/78717646?v=4","2025-04-07 02:17:15.916902+00:00"
"sandygudie","https://avatars.githubusercontent.com/u/54219127?v=4","2025-04-20 02:55:34.879339+00:00"
"sandyrogers","https://avatars.githubusercontent.com/u/414767?v=4","2025-04-07 02:37:23.560879+00:00"
"sanjaysrikakulam","https://avatars.githubusercontent.com/u/33928564?v=4","2025-04-14 02:34:01.302796+00:00"
"santamccloud","https://avatars.githubusercontent.com/u/100047964?v=4","2025-04-18 02:37:23.560879+00:00"
"sarah-peter","https://avatars.githubusercontent.com/u/5088268?v=4","2025-04-07 02:55:34.879339+00:00"
"saritadc","https://avatars.githubusercontent.com/u/24495393?v=4","2025-04-11 02:55:34.879339+00:00"
"saxtouri","https://avatars.githubusercontent.com/u/3098971?v=4","2025-04-29 02:55:34.879339+00:00"
"sbenateau","https://avatars.githubusercontent.com/u/14248811?v=4","2025-04-02 02:17:15.916902+00:00"
"sbleher","https://avatars.githubusercontent.com/u/4005334?v=4","2025-04-21 02:37:23.560879+00:00"
"sch-da","https://avatars.githubusercontent.com/u/85058499?v=4","2025-04-16 02:55:34.879339+00:00"
"scholtalbers","https://avatars.githubusercontent.com/u/102411?v=4","2025-04-22 02:55:34.879339+00:00"
"scottx611x","https://avatars.githubusercontent.com/u/5629547?v=4","2025-04-02 02:34:34.525879+00:00"
"scrathat","https://avatars.githubusercontent.com/u/7573072?v=4","2025-04-18 02:37:23.560879+00:00"
"sebastian-schaaf","https://avatars.githubusercontent.com/u/128363933?v=4","2025-04-18 02:55:34.879339+00:00"
"sebeier","https://avatars.githubusercontent.com/u/36923144?v=4","2025-04-13 02:34:01.302796+00:00"
"selten","https://avatars.githubusercontent.com/u/961090?v=4","2025-04-13 02:34:01.302796+00:00"
"semenko","https://avatars.githubusercontent.com/u/167135?v=4","2025-04-06 02:17:15.916902+00:00"
"sergeyyakubov","https://avatars.githubusercontent.com/u/17157816?v=4","2025-04-28 02:55:34.879339+00:00"
"sgsokol","https://avatars.githubusercontent.com/u/9048783?v=4","2025-04-28 02:55:34.879339+00:00"
"shano","https://avatars.githubusercontent.com/u/167567?v=4","2025-04-03 02:37:23.560879+00:00"
"shiltemann","https://avatars.githubusercontent.com/u/2563865?v=4","2025-04-11 02:55:34.879339+00:00"
"shivani-sangwan","https://avatars.githubusercontent.com/u/99681788?v=4","2025-04-06 02:37:23.560879+00:00"
"shorla","https://avatars.githubusercontent.com/u/77856859?v=4","2025-04-01 02:17:15.916902+00:00"
"shrutikhare-git","https://avatars.githubusercontent.com/u/82961912?v=4","2025-04-11 02:34:01.302796+00:00"
"shubh2565","https://avatars.githubusercontent.com/u/29269168?v=4","2025-04-07 02:17:15.916902+00:00"
"shubham4315","https://avatars.githubusercontent.com/u/36307215?v=4","2025-04-03 02:37:23.560879+00:00"
"shwdey","https://avatars.githubusercontent.com/u/171908899?v=4","2025-04-27 02:55:34.879339+00:00"
"simleo","https://avatars.githubusercontent.com/u/1183171?v=4","2025-04-28 02:55:34.879339+00:00"
"simon-coetzee","https://avatars.githubusercontent.com/u/11032613?v=4","2025-04-23 02:37:23.560879+00:00"
"simonbray","https://avatars.githubusercontent.com/u/32272674?v=4","2025-04-25 02:55:34.879339+00:00"
"simpsonw","https://avatars.githubusercontent.com/u/10437788?v=4","2025-04-19 02:37:23.560879+00:00"
"sjackman","https://avatars.githubusercontent.com/u/291551?v=4","2025-04-16 02:34:01.302796+00:00"
"sklasfeld","https://avatars.githubusercontent.com/u/7339712?v=4","2025-04-16 02:37:23.560879+00:00"
"slegras","https://avatars.githubusercontent.com/u/10421663?v=4","2025-04-16 02:37:23.560879+00:00"
"slugger70","https://avatars.githubusercontent.com/u/1740254?v=4","2025-04-02 02:34:34.525879+00:00"
"smartx-usman","https://avatars.githubusercontent.com/u/20109255?v=4","2025-04-10 02:37:23.560879+00:00"
"smeds","https://avatars.githubusercontent.com/u/5391226?v=4","2025-04-10 02:55:34.879339+00:00"
"smithcr","https://avatars.githubusercontent.com/u/8164494?v=4","2025-04-02 02:34:34.525879+00:00"
"smoe","https://avatars.githubusercontent.com/u/207407?v=4","2025-04-16 02:37:23.560879+00:00"
"sneumann","https://avatars.githubusercontent.com/u/195385?v=4","2025-04-04 02:34:01.302796+00:00"
"sofokli5","https://avatars.githubusercontent.com/u/89997077?v=4","2025-04-16 02:55:34.879339+00:00"
"sophia120199","https://avatars.githubusercontent.com/u/105356774?v=4","2025-04-20 02:37:23.560879+00:00"
"souravsingh","https://avatars.githubusercontent.com/u/4314261?v=4","2025-04-03 02:34:01.302796+00:00"
"spond","https://avatars.githubusercontent.com/u/1018513?v=4","2025-04-07 02:37:23.560879+00:00"
"sszakony","https://avatars.githubusercontent.com/u/9634629?v=4","2025-04-07 02:37:23.560879+00:00"
"stain","https://avatars.githubusercontent.com/u/253413?v=4","2025-04-16 02:37:23.560879+00:00"
"stcrosby9293","https://avatars.githubusercontent.com/u/40218862?v=4","2025-04-14 02:55:34.879339+00:00"
"steffenheyne","https://avatars.githubusercontent.com/u/10652658?v=4","2025-04-16 02:55:34.879339+00:00"
"stephanflemming","https://avatars.githubusercontent.com/u/5413255?v=4","2025-04-15 02:37:23.560879+00:00"
"stephanierobin","https://avatars.githubusercontent.com/u/36539195?v=4","2025-04-03 02:34:01.302796+00:00"
"stephenshank","https://avatars.githubusercontent.com/u/8673708?v=4","2025-04-05 02:17:15.916902+00:00"
"stevecassidy","https://avatars.githubusercontent.com/u/4685447?v=4","2025-04-18 02:37:23.560879+00:00"
"stevenverbruggen","https://avatars.githubusercontent.com/u/15814435?v=4","2025-04-13 02:34:01.302796+00:00"
"stevenweaver","https://avatars.githubusercontent.com/u/535261?v=4","2025-04-08 02:34:01.302796+00:00"
"stortebecker","https://avatars.githubusercontent.com/u/7766788?v=4","2025-04-01 02:37:23.560879+00:00"
"subinamehta","https://avatars.githubusercontent.com/u/27242621?v=4","2025-04-03 02:17:15.916902+00:00"
"subindev-d","https://avatars.githubusercontent.com/u/64056430?v=4","2025-04-16 02:34:01.302796+00:00"
"suhaibmo","https://avatars.githubusercontent.com/u/20791369?v=4","2025-04-18 02:55:34.879339+00:00"
"sujaikumar","https://avatars.githubusercontent.com/u/333876?v=4","2025-04-12 02:37:23.560879+00:00"
"sunyi000","https://avatars.githubusercontent.com/u/1610192?v=4","2025-04-02 02:17:15.916902+00:00"
"supernord","https://avatars.githubusercontent.com/u/50811354?v=4","2025-04-08 02:55:34.879339+00:00"
"sveinugu","https://avatars.githubusercontent.com/u/3090622?v=4","2025-04-08 02:34:01.302796+00:00"
"svonworl","https://avatars.githubusercontent.com/u/88108675?v=4","2025-04-01 02:34:01.302796+00:00"
"swathi266","https://avatars.githubusercontent.com/u/153908478?v=4","2025-04-26 02:55:34.879339+00:00"
"szhorvat","https://avatars.githubusercontent.com/u/1212871?v=4","2025-04-03 02:37:23.560879+00:00"
"t-heide","https://avatars.githubusercontent.com/u/29282338?v=4","2025-04-12 02:55:34.879339+00:00"
"t-neumann","https://avatars.githubusercontent.com/u/17272623?v=4","2025-04-11 02:34:01.302796+00:00"
"t0ront0","https://avatars.githubusercontent.com/u/138022543?v=4","2025-04-03 02:34:01.302796+00:00"
"tahirbb","https://avatars.githubusercontent.com/u/52988722?v=4","2025-04-09 02:37:23.560879+00:00"
"takadonet","https://avatars.githubusercontent.com/u/64732?v=4","2025-04-26 02:55:34.879339+00:00"
"takawitter","https://avatars.githubusercontent.com/u/335244?v=4","2025-04-04 02:37:23.560879+00:00"
"tanguygen","https://avatars.githubusercontent.com/u/72631088?v=4","2025-04-12 02:37:23.560879+00:00"
"tbrown91","https://avatars.githubusercontent.com/u/11500978?v=4","2025-04-16 02:55:34.879339+00:00"
"tchaussepied","https://avatars.githubusercontent.com/u/61463385?v=4","2025-04-21 02:55:34.879339+00:00"
"tcollins2011","https://avatars.githubusercontent.com/u/62220253?v=4","2025-04-22 02:55:34.879339+00:00"
"tdudgeon","https://avatars.githubusercontent.com/u/647419?v=4","2025-04-07 02:37:23.560879+00:00"
"tealiie","https://avatars.githubusercontent.com/u/19372031?v=4","2025-04-13 02:34:01.302796+00:00"
"telukir","https://avatars.githubusercontent.com/u/1189051?v=4","2025-04-08 02:34:01.302796+00:00"
"tensionhead","https://avatars.githubusercontent.com/u/10595420?v=4","2025-04-17 02:55:34.879339+00:00"
"teresa-m","https://avatars.githubusercontent.com/u/15613169?v=4","2025-04-23 02:55:34.879339+00:00"
"tfenne","https://avatars.githubusercontent.com/u/1609210?v=4","2025-04-23 02:55:34.879339+00:00"
"tfguinan","https://avatars.githubusercontent.com/u/59532990?v=4","2025-04-09 02:17:15.916902+00:00"
"tgac/earlham-galaxytools","https://avatars.githubusercontent.com/u/1872319?v=4","2025-04-29 02:57:14.425566+00:00"
"thanhleviet","https://avatars.githubusercontent.com/u/247862?v=4","2025-04-17 02:37:23.560879+00:00"
"tharindusenapathi","https://avatars.githubusercontent.com/u/28777359?v=4","2025-04-02 02:17:15.916902+00:00"
"thawn","https://avatars.githubusercontent.com/u/1308449?v=4","2025-04-16 02:37:23.560879+00:00"
"thaze","https://avatars.githubusercontent.com/u/12395840?v=4","2025-04-18 02:37:23.560879+00:00"
"the-nidhogg","https://avatars.githubusercontent.com/u/5999304?v=4","2025-04-04 02:17:15.916902+00:00"
"theboocock","https://avatars.githubusercontent.com/u/605678?v=4","2025-04-22 02:37:23.560879+00:00"
"thekharleeci","https://avatars.githubusercontent.com/u/64368888?v=4","2025-04-22 02:37:23.560879+00:00"
"themudo","https://avatars.githubusercontent.com/u/3418135?v=4","2025-04-23 02:55:34.879339+00:00"
"theomathurin","https://avatars.githubusercontent.com/u/49269671?v=4","2025-04-05 02:37:23.560879+00:00"
"theosotr","https://avatars.githubusercontent.com/u/6434138?v=4","2025-04-11 02:34:01.302796+00:00"
"thepineapplepirate","https://avatars.githubusercontent.com/u/91963008?v=4","2025-04-01 02:17:15.916902+00:00"
"thermokarst","https://avatars.githubusercontent.com/u/274668?v=4","2025-04-02 02:34:01.302796+00:00"
"thezetner","https://avatars.githubusercontent.com/u/11616351?v=4","2025-04-09 02:17:15.916902+00:00"
"thibaudglinez","https://avatars.githubusercontent.com/u/84981711?v=4","2025-04-08 02:37:23.560879+00:00"
"thobalose","https://avatars.githubusercontent.com/u/5425346?v=4","2025-04-24 02:55:34.879339+00:00"
"thomas-lacroix","https://avatars.githubusercontent.com/u/23238944?v=4","2025-04-05 02:37:23.560879+00:00"
"thomasmanke","https://avatars.githubusercontent.com/u/16337133?v=4","2025-04-09 02:55:34.879339+00:00"
"thomaswollmann","https://avatars.githubusercontent.com/u/6473917?v=4","2025-04-08 02:37:23.560879+00:00"
"thomcuddihy","https://avatars.githubusercontent.com/u/5326997?v=4","2025-04-01 02:34:34.525879+00:00"
"tiagoantao","https://avatars.githubusercontent.com/u/34787?v=4","2025-04-01 02:37:23.560879+00:00"
"tianzedavid","https://avatars.githubusercontent.com/u/168427849?v=4","2025-04-08 02:17:15.916902+00:00"
"timonschlegel","https://avatars.githubusercontent.com/u/170511112?v=4","2025-04-23 02:55:34.879339+00:00"
"tizzir","","2025-01-11 02:50:20.944740+00:00"
"tklingstrom","https://avatars.githubusercontent.com/u/1171855?v=4","2025-04-15 02:37:23.560879+00:00"
"tmcgowan","https://avatars.githubusercontent.com/u/7782986?v=4","2025-04-25 02:55:34.879339+00:00"
"tnabtaf","https://avatars.githubusercontent.com/u/1622414?v=4","2025-04-10 02:55:34.879339+00:00"
"tobyhodges","https://avatars.githubusercontent.com/u/9694524?v=4","2025-04-30 02:55:34.879339+00:00"
"tom-mohr","https://avatars.githubusercontent.com/u/24864629?v=4","2025-04-16 02:55:34.879339+00:00"
"tom6931","https://avatars.githubusercontent.com/u/10531810?v=4","2025-04-21 02:37:23.560879+00:00"
"tomharrop","https://avatars.githubusercontent.com/u/5971975?v=4","2025-04-15 02:55:34.879339+00:00"
"tomithy","https://avatars.githubusercontent.com/u/1452048?v=4","2025-04-05 02:37:23.560879+00:00"
"tomlunderwood","https://avatars.githubusercontent.com/u/11613386?v=4","2025-04-19 02:55:34.879339+00:00"
"tomnl","https://avatars.githubusercontent.com/u/5541632?v=4","2025-04-24 02:55:34.879339+00:00"
"torfinnnome","https://avatars.githubusercontent.com/u/985657?v=4","2025-04-17 02:55:34.879339+00:00"
"torhou","https://avatars.githubusercontent.com/u/6604493?v=4","2025-04-14 02:55:34.879339+00:00"
"trachtok","https://avatars.githubusercontent.com/u/22766694?v=4","2025-04-03 02:37:23.560879+00:00"
"trel","https://avatars.githubusercontent.com/u/55238?v=4","2025-04-03 02:34:01.302796+00:00"
"trellixvulnteam","https://avatars.githubusercontent.com/u/112716341?v=4","2025-04-10 02:34:01.302796+00:00"
"trevor","https://avatars.githubusercontent.com/u/5945?v=4","2025-04-09 02:34:01.302796+00:00"
"triskell-cumunel","https://avatars.githubusercontent.com/u/170530789?v=4","2025-04-22 02:37:23.560879+00:00"
"tsenapathi","https://avatars.githubusercontent.com/u/11977716?v=4","2025-04-15 02:37:23.560879+00:00"
"tshtatland","https://avatars.githubusercontent.com/u/16547000?v=4","2025-04-10 02:37:23.560879+00:00"
"tstehling","https://avatars.githubusercontent.com/u/177828984?v=4","2025-04-01 02:37:23.560879+00:00"
"tunck","https://avatars.githubusercontent.com/u/19364610?v=4","2025-04-12 02:37:23.560879+00:00"
"tvedtees","https://avatars.githubusercontent.com/u/164245351?v=4","2025-04-07 02:37:23.560879+00:00"
"twfs","https://avatars.githubusercontent.com/u/17103988?v=4","2025-04-04 02:37:23.560879+00:00"
"undergone2345","https://avatars.githubusercontent.com/u/110071444?v=4","2025-04-11 02:37:23.560879+00:00"
"unode","https://avatars.githubusercontent.com/u/122319?v=4","2025-04-21 02:55:34.879339+00:00"
"usablegarlic","https://avatars.githubusercontent.com/u/62027375?v=4","2025-04-09 02:34:01.302796+00:00"
"usuario-prohibido","https://avatars.githubusercontent.com/u/84873410?v=4","2025-04-03 02:34:01.302796+00:00"
"uwwint","https://avatars.githubusercontent.com/u/25582125?v=4","2025-04-03 02:34:01.302796+00:00"
"valentinchcloud","https://avatars.githubusercontent.com/u/26431997?v=4","2025-04-08 02:34:01.302796+00:00"
"valentinmarcon","","2025-03-31 02:17:15.916902+00:00"
"varunshankar","https://avatars.githubusercontent.com/u/5507980?v=4","2025-04-15 02:55:34.879339+00:00"
"vats-24","https://avatars.githubusercontent.com/u/101668058?v=4","2025-04-05 02:37:23.560879+00:00"
"vavrusa","https://avatars.githubusercontent.com/u/139311?v=4","2025-04-26 02:55:34.879339+00:00"
"vdda","https://avatars.githubusercontent.com/u/642451?v=4","2025-04-28 02:55:34.879339+00:00"
"vdtoorn","https://avatars.githubusercontent.com/u/320079?v=4","2025-04-18 02:37:23.560879+00:00"
"verenamoo","https://avatars.githubusercontent.com/u/190517526?v=4","2025-04-10 02:55:34.879339+00:00"
"vimalkvn","https://avatars.githubusercontent.com/u/239451?v=4","2025-04-14 02:34:01.302796+00:00"
"vindarbot","https://avatars.githubusercontent.com/u/41127566?v=4","2025-04-10 02:55:34.879339+00:00"
"vivekbhr","https://avatars.githubusercontent.com/u/8420267?v=4","2025-04-06 02:34:01.302796+00:00"
"vjalili","https://avatars.githubusercontent.com/u/9027482?v=4","2025-04-09 02:37:23.560879+00:00"
"vladvisan","https://avatars.githubusercontent.com/u/11979062?v=4","2025-04-03 02:17:15.916902+00:00"
"vloux","https://avatars.githubusercontent.com/u/477640?v=4","2025-04-14 02:37:23.560879+00:00"
"volodymyrss","https://avatars.githubusercontent.com/u/3909535?v=4","2025-04-26 02:55:34.879339+00:00"
"vreuter","https://avatars.githubusercontent.com/u/12036370?v=4","2025-04-20 02:55:34.879339+00:00"
"warddeb","https://avatars.githubusercontent.com/u/14973989?v=4","2025-04-04 02:37:23.560879+00:00"
"wee-snufkin","https://avatars.githubusercontent.com/u/44121095?v=4","2025-04-07 02:55:34.879339+00:00"
"wennj","https://avatars.githubusercontent.com/u/53950659?v=4","2025-04-17 02:55:34.879339+00:00"
"whaleyr","https://avatars.githubusercontent.com/u/329004?v=4","2025-04-14 02:55:34.879339+00:00"
"whoisdonlee","https://avatars.githubusercontent.com/u/6099218?v=4","2025-04-10 02:34:01.302796+00:00"
"willdurand","https://avatars.githubusercontent.com/u/217628?v=4","2025-04-01 02:34:34.525879+00:00"
"willemdek11","https://avatars.githubusercontent.com/u/40759303?v=4","2025-04-09 02:37:23.560879+00:00"
"williamholden","https://avatars.githubusercontent.com/u/5874358?v=4","2025-04-15 02:55:34.879339+00:00"
"wilzbach","https://avatars.githubusercontent.com/u/4370550?v=4","2025-04-04 02:34:01.302796+00:00"
"wjurkowski","https://avatars.githubusercontent.com/u/3491824?v=4","2025-04-10 02:37:23.560879+00:00"
"wkopp","https://avatars.githubusercontent.com/u/3275747?v=4","2025-04-09 02:37:23.560879+00:00"
"wm75","https://avatars.githubusercontent.com/u/4742081?v=4","2025-04-24 02:55:34.879339+00:00"
"workflow4metabolomics/tools-metabolomics","https://avatars.githubusercontent.com/u/17082156?v=4","2025-04-07 02:39:02.707822+00:00"
"wverastegui","https://avatars.githubusercontent.com/u/88352798?v=4","2025-04-08 02:55:34.879339+00:00"
"xdtim","https://avatars.githubusercontent.com/u/29701877?v=4","2025-04-15 02:55:34.879339+00:00"
"xgaia","https://avatars.githubusercontent.com/u/18330770?v=4","2025-04-11 02:55:34.879339+00:00"
"xialiu71","https://avatars.githubusercontent.com/u/36466840?v=4","2025-04-01 02:17:15.916902+00:00"
"xiaojay","https://avatars.githubusercontent.com/u/150021?v=4","2025-04-15 02:37:23.560879+00:00"
"xiaoqian1984","","2024-11-21 02:24:17.650903+00:00"
"xtracko","https://avatars.githubusercontent.com/u/5587453?v=4","2025-04-01 02:17:15.916902+00:00"
"xtrojak","https://avatars.githubusercontent.com/u/15349569?v=4","2025-04-01 02:17:15.916902+00:00"
"y4nnick8","https://avatars.githubusercontent.com/u/151630397?v=4","2025-04-17 02:37:23.560879+00:00"
"yating-l","https://avatars.githubusercontent.com/u/8609589?v=4","2025-04-20 02:55:34.879339+00:00"
"ycgong","https://avatars.githubusercontent.com/u/25645631?v=4","2025-04-01 02:34:01.302796+00:00"
"yedilserzhan","https://avatars.githubusercontent.com/u/39997211?v=4","2025-04-21 02:37:23.560879+00:00"
"yguitton","https://avatars.githubusercontent.com/u/5373737?v=4","2025-04-18 02:37:23.560879+00:00"
"yhoogstrate","https://avatars.githubusercontent.com/u/2264697?v=4","2025-04-05 02:34:01.302796+00:00"
"yochannah","https://avatars.githubusercontent.com/u/9271438?v=4","2025-04-03 02:34:01.302796+00:00"
"yuanbit","https://avatars.githubusercontent.com/u/12972261?v=4","2025-04-08 02:17:15.916902+00:00"
"yvanlebras","https://avatars.githubusercontent.com/u/7910679?v=4","2025-04-26 02:55:34.879339+00:00"
"zaheer-se","https://avatars.githubusercontent.com/u/90438502?v=4","2025-04-22 02:55:34.879339+00:00"
"zahrak20","https://avatars.githubusercontent.com/u/135267493?v=4","2025-04-12 02:55:34.879339+00:00"
"zargham-ahmad","https://avatars.githubusercontent.com/u/46793118?v=4","2025-04-12 02:34:01.302796+00:00"
"zbrown4","https://avatars.githubusercontent.com/u/20732299?v=4","2025-04-09 02:17:15.916902+00:00"
"zimmera","https://avatars.githubusercontent.com/u/10312747?v=4","2025-04-04 02:37:23.560879+00:00"
"zimoun","https://avatars.githubusercontent.com/u/6526949?v=4","2025-04-12 02:37:23.560879+00:00"
"zipho","https://avatars.githubusercontent.com/u/2108971?v=4","2025-04-04 02:34:01.302796+00:00"
"znerp","https://avatars.githubusercontent.com/u/20186651?v=4","2025-04-23 02:37:23.560879+00:00"
"zslastman","https://avatars.githubusercontent.com/u/5485110?v=4","2025-04-05 02:37:23.560879+00:00"
"zwanli","https://avatars.githubusercontent.com/u/13078856?v=4","2025-04-20 02:37:23.560879+00:00"
